Period,Project,DirectLabor$,DirectLaborHrs,Subk,ODC,Travel
2022-10,CLOUD-MIGR-001,122698.68,1333.7,15782.18,9285.91,3273.42
2022-10,CYBER-OPS-002,100012.41,1087.1,10531.41,5471.29,1669.76
2022-10,DEVSECOPS-007,39168.65,425.7,3364.35,1460.95,785.05
2022-10,LEGACY-SYS-008,28817.74,313.2,1310.7,895.63,293.36
2022-10,SYS-ENG-101,171493.61,1633.3,44021.54,18422.93,5505.63
2022-10,TEST-EVAL-102,115656.25,1101.5,24506.21,8897.76,2991.54
2022-10,ENV-TEST-106,39652.11,377.6,3770.83,2862.12,997.67
2022-10,QUAL-ASSUR-107,29141.17,277.5,1502.4,1251.57,636.38
2022-10,PROG-MGMT-201,61337.23,697.0,3502.16,1786.47,3756.84
2022-10,STRAT-ADV-202,40567.43,461.0,1260.3,881.78,3345.81
2022-10,POLICY-REV-206,15846.88,180.1,273.75,148.12,435.36
2022-10,CYBER-RES-304,31058.32,316.9,1428.43,2808.42,566.0
2022-10,SENSOR-DEV-305,26121.12,266.5,2506.19,4555.31,461.72
2022-10,TASK-SCAN-403,12865.12,164.9,1164.03,666.11,134.27
2022-11,CLOUD-MIGR-001,167278.15,1818.2,26816.48,12301.19,4776.37
2022-11,CYBER-OPS-002,157268.26,1709.4,16387.35,7970.89,3377.64
2022-11,DEVSECOPS-007,63777.62,693.2,6905.84,2385.21,1036.82
2022-11,LEGACY-SYS-008,45985.65,499.8,2139.07,1283.88,541.33
2022-11,SYS-ENG-101,292985.15,2790.3,69174.04,30391.5,11230.15
2022-11,TEST-EVAL-102,177039.46,1686.1,34970.8,13363.95,4772.9
2022-11,ENV-TEST-106,55163.85,525.4,5123.74,4502.7,1918.26
2022-11,QUAL-ASSUR-107,40048.92,381.4,1833.83,1793.24,804.03
2022-11,PROG-MGMT-201,83870.41,953.1,3623.77,2280.39,5288.76
2022-11,STRAT-ADV-202,60424.96,686.6,1770.42,1081.9,4605.1
2022-11,POLICY-REV-206,25101.89,285.2,506.42,279.4,861.73
2022-11,CYBER-RES-304,45892.59,468.3,2446.57,4789.4,931.43
2022-11,SENSOR-DEV-305,36367.54,371.1,3790.55,5935.88,708.37
2022-11,TASK-SCAN-403,20053.66,257.1,1822.71,1093.13,181.56
2022-12,CLOUD-MIGR-001,182657.51,1985.4,24757.28,16059.7,6291.86
2022-12,CYBER-OPS-002,140219.08,1524.1,14606.41,7194.31,2414.95
2022-12,DEVSECOPS-007,64074.96,696.5,6483.19,2734.39,1297.06
2022-12,LEGACY-SYS-008,43838.23,476.5,2076.28,1163.48,513.63
2022-12,SYS-ENG-101,298975.72,2847.4,82180.93,28516.41,9844.31
2022-12,TEST-EVAL-102,179361.68,1708.2,40682.27,12922.03,5350.7
2022-12,ENV-TEST-106,50795.84,483.8,5476.71,4322.93,1297.36
2022-12,QUAL-ASSUR-107,41482.59,395.1,2105.12,1565.74,953.25
2022-12,PROG-MGMT-201,91738.62,1042.5,4190.34,2778.11,6010.56
2022-12,STRAT-ADV-202,54751.3,622.2,1549.76,1225.15,4642.7
2022-12,POLICY-REV-206,23004.36,261.4,462.51,209.12,614.13
2022-12,CYBER-RES-304,50199.24,512.2,2576.46,4694.77,891.63
2022-12,SENSOR-DEV-305,35570.95,363.0,3697.0,5986.25,826.79
2022-12,TASK-SCAN-403,22130.81,283.7,1542.53,1036.96,236.27
2023-01,CLOUD-MIGR-001,225095.38,2446.7,30039.89,19889.85,6944.76
2023-01,CYBER-OPS-002,189948.08,2064.7,20616.7,10198.31,3328.51
2023-01,DEVSECOPS-007,73164.75,795.3,7165.14,2872.91,1443.99
2023-01,LEGACY-SYS-008,66580.78,723.7,3502.18,2229.52,558.86
2023-01,SYS-ENG-101,356224.46,3392.6,84762.79,38714.52,12816.42
2023-01,TEST-EVAL-102,204474.35,1947.4,40264.44,16051.26,5590.85
2023-01,ENV-TEST-106,69024.19,657.4,7778.89,5446.57,2370.03
2023-01,QUAL-ASSUR-107,55043.5,524.2,2381.12,2465.57,1248.84
2023-01,PROG-MGMT-201,133216.0,1513.8,7512.78,4330.93,6926.1
2023-01,STRAT-ADV-202,75901.4,862.5,2081.5,1481.97,5000.11
2023-01,POLICY-REV-206,29710.99,337.6,680.73,280.37,992.61
2023-01,CYBER-RES-304,67205.77,685.8,3282.67,7458.2,1610.48
2023-01,SENSOR-DEV-305,51429.3,524.8,5479.91,8490.32,944.94
2023-01,TASK-SCAN-403,29517.91,378.4,2417.53,1490.84,324.46
2023-02,CLOUD-MIGR-001,217595.53,2365.2,33463.58,17419.55,7448.87
2023-02,CYBER-OPS-002,177906.48,1933.8,20249.91,7998.91,3110.98
2023-02,DEVSECOPS-007,81092.58,881.4,8535.51,3037.56,1375.26
2023-02,LEGACY-SYS-008,68633.45,746.0,3170.4,2105.71,719.11
2023-02,SYS-ENG-101,357430.88,3404.1,91600.75,35938.53,16783.27
2023-02,TEST-EVAL-102,205086.88,1953.2,43677.66,15377.98,5896.13
2023-02,ENV-TEST-106,75155.0,715.8,7064.56,5747.15,2481.8
2023-02,QUAL-ASSUR-107,49836.15,474.6,2460.62,2231.92,1194.51
2023-02,PROG-MGMT-201,111397.31,1265.9,5090.56,3153.6,7842.17
2023-02,STRAT-ADV-202,81918.28,930.9,2737.17,1587.06,5656.29
2023-02,POLICY-REV-206,32480.37,369.1,689.27,333.51,1164.32
2023-02,CYBER-RES-304,69904.41,713.3,2979.14,7522.45,1285.89
2023-02,SENSOR-DEV-305,52524.06,536.0,5944.04,8624.52,888.89
2023-02,TASK-SCAN-403,24866.94,318.8,2021.12,1175.41,259.1
2023-03,CLOUD-MIGR-001,249130.55,2707.9,34046.65,20572.55,6768.33
2023-03,CYBER-OPS-002,190553.94,2071.2,21372.55,10319.11,3189.57
2023-03,DEVSECOPS-007,78363.63,851.8,7311.36,2761.07,1737.24
2023-03,LEGACY-SYS-008,65409.84,711.0,3036.93,2075.9,667.62
2023-03,SYS-ENG-101,358045.73,3410.0,76344.38,32154.6,16516.54
2023-03,TEST-EVAL-102,235589.67,2243.7,47762.37,20360.65,7300.95
2023-03,ENV-TEST-106,67546.1,643.3,5999.67,5155.02,2349.78
2023-03,QUAL-ASSUR-107,57722.44,549.7,3198.43,2529.96,1020.57
2023-03,PROG-MGMT-201,115690.95,1314.7,5095.25,3704.06,8008.04
2023-03,STRAT-ADV-202,74694.69,848.8,2321.96,1370.04,7003.09
2023-03,POLICY-REV-206,32668.3,371.2,746.71,351.05,1129.57
2023-03,CYBER-RES-304,61370.58,626.2,3286.3,5889.88,1438.93
2023-03,SENSOR-DEV-305,53936.46,550.4,5982.74,10432.63,978.11
2023-03,TASK-SCAN-403,28539.13,365.9,2014.7,1554.41,326.33
2023-04,CLOUD-MIGR-001,225486.77,2450.9,37035.39,17867.08,6237.48
2023-04,CYBER-OPS-002,202273.73,2198.6,18574.36,8957.48,3548.9
2023-04,DEVSECOPS-007,76846.62,835.3,8524.64,3418.3,1401.14
2023-04,LEGACY-SYS-008,65465.46,711.6,3174.76,2190.75,664.14
2023-04,SYS-ENG-101,395214.97,3764.0,87402.04,43983.32,13776.04
2023-04,TEST-EVAL-102,238144.65,2268.0,44277.75,17261.04,6957.34
2023-04,ENV-TEST-106,75981.22,723.6,7173.41,6233.44,2289.85
2023-04,QUAL-ASSUR-107,53243.75,507.1,2723.36,2004.38,1153.81
2023-04,PROG-MGMT-201,109654.0,1246.1,6182.69,3319.98,7156.71
2023-04,STRAT-ADV-202,79803.45,906.9,2516.65,1544.06,5286.11
2023-04,POLICY-REV-206,31448.14,357.4,596.92,300.44,1074.78
2023-04,CYBER-RES-304,70796.57,722.4,3327.78,6755.61,1364.05
2023-04,SENSOR-DEV-305,49869.18,508.9,4681.2,8173.5,965.65
2023-04,TASK-SCAN-403,29364.91,376.5,2474.16,1610.19,307.22
2023-05,CLOUD-MIGR-001,229235.75,2491.7,34879.86,16139.98,6290.91
2023-05,CYBER-OPS-002,188313.84,2046.9,19283.25,9765.29,3713.53
2023-05,DEVSECOPS-007,78659.42,855.0,7190.34,3126.13,1825.64
2023-05,LEGACY-SYS-008,67433.22,733.0,3037.55,1821.41,678.5
2023-05,SYS-ENG-101,372959.48,3552.0,88629.76,40146.17,16417.01
2023-05,TEST-EVAL-102,225513.2,2147.7,41376.81,16738.33,5478.42
2023-05,ENV-TEST-106,68952.05,656.7,6843.77,5979.17,1715.11
2023-05,QUAL-ASSUR-107,53562.49,510.1,2782.38,1985.38,1155.39
2023-05,PROG-MGMT-201,121655.04,1382.4,5615.57,3786.34,5855.63
2023-05,STRAT-ADV-202,79940.68,908.4,2592.51,1447.86,6203.77
2023-05,POLICY-REV-206,28474.28,323.6,647.73,285.97,700.54
2023-05,CYBER-RES-304,64414.33,657.3,3557.28,6374.13,1443.61
2023-05,SENSOR-DEV-305,52566.67,536.4,6026.07,9678.76,1240.59
2023-05,TASK-SCAN-403,29100.76,373.1,2406.74,1531.61,291.56
2023-06,CLOUD-MIGR-001,254524.02,2766.6,38726.91,22303.02,8379.91
2023-06,CYBER-OPS-002,190024.6,2065.5,17629.67,8924.86,4009.76
2023-06,DEVSECOPS-007,83810.69,911.0,8434.62,3454.41,1525.08
2023-06,LEGACY-SYS-008,58284.18,633.5,2726.88,1652.73,540.81
2023-06,SYS-ENG-101,366217.46,3487.8,81621.84,34259.74,15785.14
2023-06,TEST-EVAL-102,226979.05,2161.7,39461.15,17755.64,6925.43
2023-06,ENV-TEST-106,71436.03,680.3,6515.33,5605.35,2490.12
2023-06,QUAL-ASSUR-107,55411.38,527.7,2933.08,2406.22,1225.96
2023-06,PROG-MGMT-201,118878.27,1350.9,5062.84,3439.46,7855.88
2023-06,STRAT-ADV-202,81500.89,926.1,2777.62,1598.34,7165.6
2023-06,POLICY-REV-206,30728.93,349.2,633.62,286.68,818.41
2023-06,CYBER-RES-304,66945.73,683.1,2874.34,6431.28,1434.86
2023-06,SENSOR-DEV-305,49888.67,509.1,4487.55,8909.68,849.16
2023-06,TASK-SCAN-403,27647.89,354.5,1897.95,1347.23,283.6
2023-07,CLOUD-MIGR-001,205352.07,2232.1,32121.94,14991.82,6066.18
2023-07,CYBER-OPS-002,165122.91,1794.8,15913.41,7684.81,3073.72
2023-07,DEVSECOPS-007,79550.85,864.7,7666.62,3374.49,1802.26
2023-07,LEGACY-SYS-008,57484.24,624.8,2513.7,1525.61,583.91
2023-07,SYS-ENG-101,379642.14,3615.6,90638.43,39332.24,16893.97
2023-07,TEST-EVAL-102,213366.1,2032.1,45927.9,18911.18,5631.23
2023-07,ENV-TEST-106,62405.65,594.3,5589.77,4544.59,1999.07
2023-07,QUAL-ASSUR-107,52432.59,499.4,2399.81,2197.7,1160.61
2023-07,PROG-MGMT-201,108014.88,1227.4,5574.51,3433.26,5481.62
2023-07,STRAT-ADV-202,76931.99,874.2,2629.73,1393.92,4986.86
2023-07,POLICY-REV-206,27837.75,316.3,586.38,308.99,800.61
2023-07,CYBER-RES-304,67195.67,685.7,2932.42,7026.97,1412.31
2023-07,SENSOR-DEV-305,44471.76,453.8,4810.71,8677.89,925.16
2023-07,TASK-SCAN-403,23695.48,303.8,2170.8,1265.14,222.47
2023-08,CLOUD-MIGR-001,223554.18,2429.9,32231.08,17909.92,6280.7
2023-08,CYBER-OPS-002,194127.97,2110.1,21290.0,8787.49,4598.17
2023-08,DEVSECOPS-007,77651.07,844.0,8530.84,3260.58,1512.95
2023-08,LEGACY-SYS-008,63308.83,688.1,3607.47,1794.46,711.14
2023-08,SYS-ENG-101,347769.96,3312.1,86512.06,34239.27,15196.3
2023-08,TEST-EVAL-102,197488.82,1880.8,43665.33,17053.17,4945.11
2023-08,ENV-TEST-106,74295.57,707.6,6858.66,5893.3,2327.23
2023-08,QUAL-ASSUR-107,50517.3,481.1,2168.73,2190.89,881.77
2023-08,PROG-MGMT-201,109040.72,1239.1,5939.17,3145.87,7537.73
2023-08,STRAT-ADV-202,75223.68,854.8,2105.24,1327.6,7096.45
2023-08,POLICY-REV-206,26528.32,301.5,565.6,264.56,878.03
2023-08,CYBER-RES-304,66881.21,682.5,3490.43,6673.39,1494.36
2023-08,SENSOR-DEV-305,44386.26,452.9,4067.91,8357.28,818.91
2023-08,TASK-SCAN-403,26056.79,334.1,2067.82,1312.51,252.8
2023-09,CLOUD-MIGR-001,275531.22,2994.9,39231.68,23115.64,7508.5
2023-09,CYBER-OPS-002,199645.62,2170.1,17692.53,9245.79,3385.28
2023-09,DEVSECOPS-007,88165.89,958.3,9510.07,3260.15,1563.28
2023-09,LEGACY-SYS-008,69809.08,758.8,3725.63,2333.83,704.97
2023-09,SYS-ENG-101,382285.95,3640.8,84117.99,35422.17,13624.57
2023-09,TEST-EVAL-102,224405.43,2137.2,38339.42,18099.51,6124.41
2023-09,ENV-TEST-106,87507.7,833.4,8890.85,7332.31,2232.79
2023-09,QUAL-ASSUR-107,64361.94,613.0,3209.29,2804.77,1325.37
2023-09,PROG-MGMT-201,133151.21,1513.1,6538.66,3691.94,6555.44
2023-09,STRAT-ADV-202,91118.23,1035.4,2715.28,1963.25,6999.94
2023-09,POLICY-REV-206,30639.76,348.2,636.59,273.57,790.21
2023-09,CYBER-RES-304,75535.14,770.8,3554.5,8448.91,1280.14
2023-09,SENSOR-DEV-305,58907.23,601.1,6078.61,11343.18,1048.87
2023-09,TASK-SCAN-403,29820.82,382.3,2350.25,1470.54,341.17
2023-10,CLOUD-MIGR-001,275244.91,2991.8,38876.17,22659.19,8619.45
2023-10,CYBER-OPS-002,210171.18,2284.5,23839.23,9771.58,3717.55
2023-10,APP-MOD-003,68992.03,749.9,7427.27,3815.46,1145.3
2023-10,DATA-ANLYT-004,45148.69,490.7,3558.26,4616.52,413.79
2023-10,DEVSECOPS-007,79071.48,859.5,8398.08,3316.94,1552.35
2023-10,LEGACY-SYS-008,69352.43,753.8,3908.61,2224.3,728.22
2023-10,SYS-ENG-101,393762.14,3750.1,111247.7,38668.76,16031.24
2023-10,TEST-EVAL-102,235637.1,2244.2,52901.63,20328.72,5857.21
2023-10,HW-INTEG-103,71195.45,678.1,20125.89,11317.41,3658.32
2023-10,RADAR-DEV-104,137001.55,1304.8,26743.71,17184.64,5917.88
2023-10,ENV-TEST-106,83047.62,790.9,8305.94,6633.92,2073.31
2023-10,QUAL-ASSUR-107,51953.94,494.8,2544.73,1989.54,935.32
2023-10,PROG-MGMT-201,117429.25,1334.4,6685.09,3806.93,7257.69
2023-10,STRAT-ADV-202,87131.91,990.1,3005.72,1814.69,6327.9
2023-10,TRAIN-DEV-203,29030.6,329.9,1250.5,1441.25,1231.6
2023-10,ACQN-SUPP-205,51946.2,590.3,2818.95,1590.3,2189.87
2023-10,POLICY-REV-206,31917.49,362.7,560.07,307.53,893.68
2023-10,QUANTUM-R-301,46018.58,469.6,4076.58,6620.83,991.67
2023-10,EDGE-COMP-302,34095.37,347.9,2318.94,4399.35,347.79
2023-10,CYBER-RES-304,70563.46,720.0,3331.85,6757.06,1676.69
2023-10,SENSOR-DEV-305,52381.59,534.5,5261.1,10533.24,1113.7
2023-10,TASK-SEC-401,21434.1,274.8,1043.81,594.81,202.49
2023-10,TASK-SCAN-403,29790.79,381.9,2472.93,1582.48,262.58
2023-11,CLOUD-MIGR-001,253144.65,2751.6,42843.54,19950.79,8196.57
2023-11,CYBER-OPS-002,185357.64,2014.8,21166.81,9510.04,3320.57
2023-11,APP-MOD-003,93419.86,1015.4,11381.36,5675.48,1564.38
2023-11,DATA-ANLYT-004,82606.95,897.9,7427.22,8184.26,699.67
2023-11,DEVSECOPS-007,89109.71,968.6,8906.63,3749.68,1788.52
2023-11,LEGACY-SYS-008,63818.02,693.7,3511.32,2135.21,572.76
2023-11,SYS-ENG-101,385376.17,3670.2,92979.3,42439.49,15465.86
2023-11,TEST-EVAL-102,246242.96,2345.2,54626.94,18641.56,8244.23
2023-11,HW-INTEG-103,112492.71,1071.4,38144.29,16905.24,6345.83
2023-11,RADAR-DEV-104,205254.64,1954.8,42427.1,25144.47,9848.62
2023-11,ENV-TEST-106,76134.93,725.1,6810.87,6147.19,2142.55
2023-11,QUAL-ASSUR-107,57813.89,550.6,2928.36,2287.77,1073.85
2023-11,PROG-MGMT-201,119918.47,1362.7,6351.18,3659.55,6428.29
2023-11,STRAT-ADV-202,84330.63,958.3,2183.56,1785.67,7300.27
2023-11,TRAIN-DEV-203,50942.36,578.9,1968.05,2647.18,2299.13
2023-11,ACQN-SUPP-205,78850.78,896.0,4724.42,2102.68,3156.92
2023-11,POLICY-REV-206,32547.02,369.9,723.14,354.7,953.1
2023-11,QUANTUM-R-301,67102.86,684.7,5298.86,10602.79,1293.73
2023-11,EDGE-COMP-302,55058.32,561.8,2960.95,6558.62,653.92
2023-11,CYBER-RES-304,68907.69,703.1,3644.57,7138.57,1572.07
2023-11,SENSOR-DEV-305,57168.46,583.4,6333.14,9993.98,1059.52
2023-11,TASK-SEC-401,33274.1,426.6,1793.18,1087.44,270.97
2023-11,TASK-SCAN-403,25891.43,331.9,2152.82,1425.35,310.43
2023-12,CLOUD-MIGR-001,223591.42,2430.3,32874.36,16163.45,7066.6
2023-12,CYBER-OPS-002,183162.36,1990.9,18006.76,9584.52,4254.38
2023-12,APP-MOD-003,92989.35,1010.8,12150.1,5302.67,1766.68
2023-12,DATA-ANLYT-004,71269.69,774.7,5754.88,7239.74,796.09
2023-12,DEVSECOPS-007,66337.26,721.1,5795.82,2889.66,1390.28
2023-12,LEGACY-SYS-008,53874.9,585.6,3027.36,1477.81,530.38
2023-12,SYS-ENG-101,308290.91,2936.1,71415.44,27199.13,13834.29
2023-12,TEST-EVAL-102,210157.98,2001.5,44271.18,15432.56,6157.79
2023-12,HW-INTEG-103,113122.92,1077.4,34828.45,17534.26,5484.9
2023-12,RADAR-DEV-104,207926.57,1980.3,50482.5,23150.01,7933.46
2023-12,ENV-TEST-106,64631.26,615.5,5953.58,5259.75,1996.96
2023-12,QUAL-ASSUR-107,53429.38,508.9,2507.36,2382.32,1136.22
2023-12,PROG-MGMT-201,103796.59,1179.5,5292.48,3252.75,6837.29
2023-12,STRAT-ADV-202,61809.77,702.4,1913.49,1235.22,5744.17
2023-12,TRAIN-DEV-203,46823.06,532.1,2040.84,2401.31,1762.29
2023-12,ACQN-SUPP-205,75376.86,856.6,4686.63,2357.78,3281.52
2023-12,POLICY-REV-206,28039.99,318.6,617.72,289.03,976.94
2023-12,QUANTUM-R-301,70084.41,715.1,5285.37,10363.36,1446.3
2023-12,EDGE-COMP-302,57004.68,581.7,2999.72,6504.19,626.48
2023-12,CYBER-RES-304,56599.35,577.5,2517.67,5713.47,1345.48
2023-12,SENSOR-DEV-305,45674.44,466.1,5134.02,8873.47,824.69
2023-12,TASK-SEC-401,34628.77,444.0,1722.01,1115.28,380.44
2023-12,TASK-SCAN-403,23309.82,298.8,1649.5,1294.97,199.6
2024-01,CLOUD-MIGR-001,274065.17,2979.0,45551.37,23105.05,9800.38
2024-01,CYBER-OPS-002,219283.0,2383.5,23932.03,10610.95,4895.59
2024-01,APP-MOD-003,120697.13,1311.9,14642.57,7163.24,2580.82
2024-01,DATA-ANLYT-004,103726.95,1127.5,8508.66,11175.34,1219.95
2024-01,DEVSECOPS-007,77013.76,837.1,7086.39,2729.39,1777.01
2024-01,LEGACY-SYS-008,67668.18,735.5,3804.9,1894.29,558.46
2024-01,SYS-ENG-101,406172.9,3868.3,114014.39,38689.01,15650.95
2024-01,TEST-EVAL-102,212389.5,2022.8,48164.78,16193.38,6352.89
2024-01,HW-INTEG-103,140293.43,1336.1,46977.72,19203.91,6884.6
2024-01,RADAR-DEV-104,295853.93,2817.7,69835.51,39302.44,11451.33
2024-01,ENV-TEST-106,79989.69,761.8,7169.93,6268.45,2014.8
2024-01,QUAL-ASSUR-107,57097.84,543.8,2776.2,2531.41,928.51
2024-01,PROG-MGMT-201,124570.23,1415.6,6122.72,4141.21,8536.9
2024-01,STRAT-ADV-202,73521.6,835.5,2328.51,1486.12,7005.94
2024-01,TRAIN-DEV-203,62133.5,706.1,2409.39,2875.4,2109.72
2024-01,ACQN-SUPP-205,102587.26,1165.8,6071.62,3197.84,4336.08
2024-01,POLICY-REV-206,32591.56,370.4,558.23,348.35,877.46
2024-01,QUANTUM-R-301,82349.31,840.3,6715.58,11073.51,1821.67
2024-01,EDGE-COMP-302,67036.32,684.0,3679.43,8758.11,624.39
2024-01,CYBER-RES-304,66187.49,675.4,3707.03,5829.0,1513.53
2024-01,SENSOR-DEV-305,49610.01,506.2,4410.32,8395.42,863.01
2024-01,TASK-SEC-401,43875.29,562.5,1881.67,1163.0,489.65
2024-01,TASK-SCAN-403,26852.13,344.3,2034.6,1237.64,220.45
2024-02,CLOUD-MIGR-001,262795.63,2856.5,39727.83,22263.2,7808.96
2024-02,CYBER-OPS-002,211692.4,2301.0,21253.31,9591.5,4240.35
2024-02,APP-MOD-003,145604.32,1582.7,15078.95,9330.1,3339.56
2024-02,DATA-ANLYT-004,100700.99,1094.6,7954.68,11191.57,830.11
2024-02,DEVSECOPS-007,83207.75,904.4,8075.19,3476.96,1657.68
2024-02,LEGACY-SYS-008,72324.67,786.1,3153.53,1951.44,754.58
2024-02,SYS-ENG-101,348329.59,3317.4,81204.75,35945.47,14202.69
2024-02,TEST-EVAL-102,220876.72,2103.6,50730.45,17799.72,6503.62
2024-02,HW-INTEG-103,155803.33,1483.8,41120.56,24502.26,8889.49
2024-02,RADAR-DEV-104,294734.16,2807.0,70073.5,37242.66,10445.49
2024-02,ENV-TEST-106,75553.8,719.6,6939.98,5810.65,2224.45
2024-02,QUAL-ASSUR-107,56258.34,535.8,2471.22,2210.78,1199.48
2024-02,PROG-MGMT-201,124666.68,1416.7,5583.77,4119.67,6184.86
2024-02,STRAT-ADV-202,85229.44,968.5,2244.86,1539.54,7469.63
2024-02,TRAIN-DEV-203,67927.76,771.9,2763.06,3466.87,2784.05
2024-02,ACQN-SUPP-205,92643.43,1052.8,4928.65,2681.65,3950.82
2024-02,POLICY-REV-206,33570.74,381.5,745.56,353.52,1195.82
2024-02,QUANTUM-R-301,90795.97,926.5,6940.4,13874.08,1607.26
2024-02,EDGE-COMP-302,73438.94,749.4,4041.82,7984.04,835.84
2024-02,CYBER-RES-304,69320.69,707.4,3739.09,7055.35,1556.79
2024-02,SENSOR-DEV-305,57091.71,582.6,6521.95,11061.86,1193.71
2024-02,TASK-SEC-401,43719.22,560.5,1875.28,1446.64,494.81
2024-02,TASK-SCAN-403,27019.41,346.4,1954.31,1416.69,249.55
2024-03,CLOUD-MIGR-001,242646.55,2637.5,31004.1,21134.85,7472.51
2024-03,CYBER-OPS-002,196562.23,2136.5,17544.41,10142.23,3193.2
2024-03,APP-MOD-003,140275.15,1524.7,15394.47,8254.57,2626.96
2024-03,DATA-ANLYT-004,97664.82,1061.6,8332.6,10415.37,1003.05
2024-03,DEVSECOPS-007,76622.89,832.9,6633.88,2812.91,1604.69
2024-03,LEGACY-SYS-008,69173.06,751.9,3222.19,2155.84,687.76
2024-03,SYS-ENG-101,377043.38,3590.9,87846.4,40011.33,12752.01
2024-03,TEST-EVAL-102,225670.74,2149.2,42199.25,18827.02,6733.92
2024-03,HW-INTEG-103,157686.42,1501.8,40854.59,23058.4,8197.56
2024-03,RADAR-DEV-104,257928.73,2456.5,53363.82,28806.39,8820.07
2024-03,ENV-TEST-106,72562.57,691.1,6882.1,5119.17,2391.96
2024-03,QUAL-ASSUR-107,53508.42,509.6,2579.27,2244.96,1070.28
2024-03,PROG-MGMT-201,136407.57,1550.1,7446.9,3671.95,9368.79
2024-03,STRAT-ADV-202,72609.61,825.1,1863.79,1598.98,6650.13
2024-03,TRAIN-DEV-203,64909.62,737.6,2653.56,3408.66,2510.91
2024-03,ACQN-SUPP-205,88529.36,1006.0,4548.23,2544.19,3967.99
2024-03,POLICY-REV-206,32725.7,371.9,719.71,360.23,820.03
2024-03,QUANTUM-R-301,95140.91,970.8,7025.17,14575.53,1921.06
2024-03,EDGE-COMP-302,69722.38,711.5,3945.24,8044.43,650.67
2024-03,CYBER-RES-304,66480.56,678.4,3334.48,6032.22,1334.9
2024-03,SENSOR-DEV-305,57740.77,589.2,5513.16,10960.51,1302.15
2024-03,TASK-SEC-401,45184.3,579.3,2080.47,1240.51,397.13
2024-03,TASK-SCAN-403,28917.74,370.7,2494.02,1499.85,251.83
2024-04,CLOUD-MIGR-001,264356.35,2873.4,39583.47,22439.98,8755.09
2024-04,CYBER-OPS-002,198492.28,2157.5,22374.97,10078.23,4184.69
2024-04,APP-MOD-003,137023.97,1489.4,18239.66,8472.46,2357.86
2024-04,DATA-ANLYT-004,91613.14,995.8,7201.98,8727.77,833.56
2024-04,DEVSECOPS-007,76141.84,827.6,7630.94,2907.09,1493.55
2024-04,LEGACY-SYS-008,60923.07,662.2,3349.27,1642.03,698.0
2024-04,SYS-ENG-101,408571.4,3891.2,105667.04,40926.44,16099.1
2024-04,TEST-EVAL-102,231365.38,2203.5,50324.07,20267.8,6801.4
2024-04,HW-INTEG-103,162040.71,1543.2,50826.56,23264.99,8023.05
2024-04,RADAR-DEV-104,266121.11,2534.5,50851.4,28895.66,12344.3
2024-04,ENV-TEST-106,73904.08,703.8,7865.57,5918.78,1926.73
2024-04,QUAL-ASSUR-107,54332.94,517.5,2665.92,2141.72,1096.55
2024-04,PROG-MGMT-201,119153.58,1354.0,5730.43,3388.35,6888.32
2024-04,STRAT-ADV-202,77342.27,878.9,2388.4,1654.22,6551.96
2024-04,TRAIN-DEV-203,58389.61,663.5,2051.46,3044.47,2133.93
2024-04,ACQN-SUPP-205,100202.91,1138.7,6294.56,3299.25,4606.58
2024-04,POLICY-REV-206,30904.9,351.2,633.44,282.45,871.45
2024-04,QUANTUM-R-301,97334.29,993.2,8250.4,14221.56,2020.69
2024-04,EDGE-COMP-302,77444.55,790.3,4381.23,9018.29,864.8
2024-04,CYBER-RES-304,75666.98,772.1,3976.43,8164.09,1657.88
2024-04,SENSOR-DEV-305,55385.52,565.2,5582.41,10318.78,1073.77
2024-04,TASK-SEC-401,41331.47,529.9,1981.39,1144.79,366.06
2024-04,TASK-SCAN-403,30874.55,395.8,2459.79,1442.41,263.99
2024-05,CLOUD-MIGR-001,229478.0,2494.3,37978.44,16600.88,7630.26
2024-05,CYBER-OPS-002,213982.69,2325.9,23861.31,9512.17,4000.22
2024-05,APP-MOD-003,140815.17,1530.6,15027.48,8198.93,2435.82
2024-05,DATA-ANLYT-004,106915.65,1162.1,9248.88,11484.56,926.12
2024-05,DEVSECOPS-007,82517.41,896.9,8031.07,3440.41,1477.08
2024-05,LEGACY-SYS-008,66101.17,718.5,3091.81,2101.32,647.51
2024-05,SYS-ENG-101,384059.81,3657.7,90526.77,41250.7,15171.99
2024-05,TEST-EVAL-102,244219.08,2325.9,46907.27,21634.12,8746.29
2024-05,HW-INTEG-103,151416.58,1442.1,42451.07,22068.57,7653.99
2024-05,RADAR-DEV-104,312778.5,2978.8,75352.98,40247.17,10701.52
2024-05,ENV-TEST-106,72478.4,690.3,7554.81,6318.89,2221.79
2024-05,QUAL-ASSUR-107,52671.81,501.6,2906.87,2284.44,962.87
2024-05,PROG-MGMT-201,134611.16,1529.7,6271.79,4431.16,6937.37
2024-05,STRAT-ADV-202,78926.49,896.9,2684.9,1473.22,6190.69
2024-05,TRAIN-DEV-203,62017.27,704.7,2128.44,2768.39,2482.68
2024-05,ACQN-SUPP-205,90842.83,1032.3,6259.2,2643.47,2947.94
2024-05,POLICY-REV-206,34725.14,394.6,765.17,359.75,1163.17
2024-05,QUANTUM-R-301,82557.16,842.4,6182.3,13363.64,1780.64
2024-05,EDGE-COMP-302,66062.72,674.1,4208.17,7829.74,529.89
2024-05,CYBER-RES-304,65214.4,665.5,3021.96,7045.71,1329.75
2024-05,SENSOR-DEV-305,55832.2,569.7,5629.74,9112.0,1022.0
2024-05,TASK-SEC-401,40815.64,523.3,1763.9,1200.91,456.14
2024-05,TASK-SCAN-403,28094.34,360.2,1985.16,1541.31,291.81
2024-06,CLOUD-MIGR-001,226433.29,2461.2,34121.66,16992.73,5824.53
2024-06,CYBER-OPS-002,197703.49,2149.0,20451.3,9269.68,3822.11
2024-06,APP-MOD-003,138089.5,1501.0,14510.73,9229.22,2284.2
2024-06,DATA-ANLYT-004,100793.4,1095.6,8081.2,11260.63,1029.77
2024-06,DEVSECOPS-007,81728.28,888.4,8099.6,3375.58,1949.08
2024-06,LEGACY-SYS-008,63553.64,690.8,2716.51,2038.63,596.08
2024-06,SYS-ENG-101,399236.77,3802.3,103649.56,42525.12,17471.8
2024-06,TEST-EVAL-102,221212.41,2106.8,38194.57,17892.43,7468.6
2024-06,HW-INTEG-103,142670.63,1358.8,46385.48,21218.89,7691.06
2024-06,RADAR-DEV-104,293636.64,2796.5,70636.89,31541.65,13043.06
2024-06,ENV-TEST-106,75647.25,720.5,7095.96,5389.19,1996.61
2024-06,QUAL-ASSUR-107,51977.34,495.0,2936.75,2086.77,1242.93
2024-06,PROG-MGMT-201,128982.17,1465.7,5971.84,4104.69,6782.72
2024-06,STRAT-ADV-202,77639.7,882.3,2525.43,1689.12,5793.6
2024-06,TRAIN-DEV-203,59138.53,672.0,2271.88,3233.33,2595.76
2024-06,ACQN-SUPP-205,103481.23,1175.9,5997.73,3457.39,4132.96
2024-06,POLICY-REV-206,31954.56,363.1,720.44,321.02,1074.11
2024-06,QUANTUM-R-301,93050.93,949.5,6503.72,14300.84,2100.97
2024-06,EDGE-COMP-302,71854.42,733.2,4080.02,7753.52,764.8
2024-06,CYBER-RES-304,68451.04,698.5,3527.92,6723.73,1472.94
2024-06,SENSOR-DEV-305,51819.47,528.8,4470.5,10155.87,975.27
2024-06,TASK-SEC-401,46740.99,599.2,2178.99,1563.78,551.15
2024-06,TASK-SCAN-403,25928.95,332.4,2159.89,1253.92,290.52
2024-07,CLOUD-MIGR-001,246688.23,2681.4,42029.64,18043.11,7719.09
2024-07,CYBER-OPS-002,201233.32,2187.3,17314.91,9016.62,4473.04
2024-07,APP-MOD-003,123614.16,1343.6,14312.39,7536.55,2576.21
2024-07,DATA-ANLYT-004,98668.65,1072.5,8956.33,9563.79,1090.52
2024-07,DEVSECOPS-007,80554.65,875.6,8126.66,3143.33,1707.48
2024-07,LEGACY-SYS-008,60324.67,655.7,2666.45,1912.1,603.02
2024-07,SYS-ENG-101,354200.78,3373.3,90188.53,33394.98,12809.54
2024-07,TEST-EVAL-102,215098.63,2048.6,49425.77,16322.35,7527.97
2024-07,HW-INTEG-103,144701.58,1378.1,38496.03,23543.2,7096.29
2024-07,RADAR-DEV-104,293465.51,2794.9,63499.29,31731.95,12592.86
2024-07,ENV-TEST-106,77486.91,738.0,7329.3,5971.96,1920.07
2024-07,QUAL-ASSUR-107,54817.24,522.1,3062.64,2377.59,1189.23
2024-07,PROG-MGMT-201,131870.44,1498.5,6865.9,4234.97,7939.94
2024-07,STRAT-ADV-202,70179.73,797.5,1916.53,1281.95,6266.48
2024-07,TRAIN-DEV-203,54988.7,624.9,2235.19,2662.93,2466.72
2024-07,ACQN-SUPP-205,92056.81,1046.1,5708.91,2487.44,3401.37
2024-07,POLICY-REV-206,33406.61,379.6,712.0,336.13,1110.1
2024-07,QUANTUM-R-301,90026.27,918.6,6281.13,15034.9,1903.04
2024-07,EDGE-COMP-302,66969.65,683.4,4235.29,7736.47,770.94
2024-07,CYBER-RES-304,71438.22,729.0,3721.71,6598.54,1695.24
2024-07,SENSOR-DEV-305,50051.12,510.7,5621.81,8047.91,850.53
2024-07,TASK-SEC-401,37578.49,481.8,1689.9,1079.37,407.25
2024-07,TASK-SCAN-403,26091.5,334.5,2363.41,1428.23,297.02
2024-08,CLOUD-MIGR-001,226264.82,2459.4,35314.86,18322.06,5770.22
2024-08,CYBER-OPS-002,183001.56,1989.1,18483.95,9155.73,3174.91
2024-08,APP-MOD-003,138227.35,1502.5,14866.49,8609.59,3008.53
2024-08,DATA-ANLYT-004,97260.31,1057.2,8580.37,9874.53,1099.13
2024-08,DEVSECOPS-007,53920.06,586.1,4656.74,2230.02,1111.52
2024-08,LEGACY-SYS-008,49068.25,533.4,2649.9,1442.58,517.96
2024-08,SYS-ENG-101,362249.55,3450.0,94017.27,34396.36,17136.72
2024-08,TEST-EVAL-102,216693.37,2063.7,47300.11,18105.13,5974.06
2024-08,HW-INTEG-103,132576.62,1262.6,34521.91,19598.24,6587.07
2024-08,RADAR-DEV-104,255704.87,2435.3,58055.13,29304.39,11121.58
2024-08,ENV-TEST-106,56904.92,542.0,6306.39,5071.78,1455.01
2024-08,QUAL-ASSUR-107,52951.31,504.3,2696.53,2026.1,1044.82
2024-08,PROG-MGMT-201,115837.66,1316.3,5353.88,3138.86,6367.03
2024-08,STRAT-ADV-202,74170.41,842.8,2302.13,1393.79,6800.67
2024-08,TRAIN-DEV-203,56609.54,643.3,2147.16,2883.25,2094.75
2024-08,ACQN-SUPP-205,95910.53,1089.9,5751.64,2887.48,3834.52
2024-08,POLICY-REV-206,21906.66,248.9,375.46,242.48,658.63
2024-08,QUANTUM-R-301,92450.5,943.4,6764.0,13377.98,1516.59
2024-08,EDGE-COMP-302,67577.38,689.6,4519.72,8409.51,667.82
2024-08,CYBER-RES-304,68142.86,695.3,3762.0,6701.32,1571.35
2024-08,SENSOR-DEV-305,39782.52,405.9,4293.16,6930.45,764.01
2024-08,TASK-SEC-401,40948.4,525.0,1859.87,1244.14,339.63
2024-08,TASK-SCAN-403,20207.58,259.1,1744.84,956.96,241.61
2024-09,CLOUD-MIGR-001,285693.49,3105.4,37953.38,25461.46,8207.07
2024-09,CYBER-OPS-002,233606.38,2539.2,22232.92,12910.81,5148.62
2024-09,APP-MOD-003,138212.3,1502.3,16630.87,8292.89,2261.49
2024-09,DATA-ANLYT-004,102291.06,1111.9,7773.4,10164.65,1005.31
2024-09,DEVSECOPS-007,46934.14,510.2,4715.25,1799.85,981.14
2024-09,LEGACY-SYS-008,34284.27,372.7,1966.52,1087.6,315.31
2024-09,SYS-ENG-101,405879.58,3865.5,111463.34,40902.98,17590.75
2024-09,TEST-EVAL-102,241685.68,2301.8,52915.85,18723.99,7754.65
2024-09,HW-INTEG-103,183954.26,1751.9,56572.04,29558.35,10026.7
2024-09,RADAR-DEV-104,326544.42,3109.9,61638.1,38946.36,15502.09
2024-09,ENV-TEST-106,44335.35,422.2,4800.85,3612.91,1447.85
2024-09,QUAL-ASSUR-107,63993.14,609.5,2883.38,2638.99,1341.16
2024-09,PROG-MGMT-201,150268.14,1707.6,6719.49,4703.58,7326.73
2024-09,STRAT-ADV-202,95799.71,1088.6,2537.64,1694.78,7092.83
2024-09,TRAIN-DEV-203,65431.57,743.5,2766.84,3201.21,2905.13
2024-09,ACQN-SUPP-205,114375.51,1299.7,7630.07,3625.48,3773.99
2024-09,POLICY-REV-206,16310.95,185.4,297.58,156.26,521.08
2024-09,QUANTUM-R-301,98408.24,1004.2,7432.78,13603.42,2292.62
2024-09,EDGE-COMP-302,75857.45,774.1,4352.49,9697.11,825.61
2024-09,CYBER-RES-304,80572.49,822.2,4262.26,8270.11,1413.09
2024-09,SENSOR-DEV-305,27883.72,284.5,2836.96,4687.65,663.17
2024-09,TASK-SEC-401,44864.13,575.2,2101.21,1251.37,485.43
2024-09,TASK-SCAN-403,15015.27,192.5,1146.74,828.91,167.9
2024-10,CLOUD-MIGR-001,251285.16,2731.4,33416.99,20954.96,7175.78
2024-10,CYBER-OPS-002,230790.03,2508.6,25283.35,12798.53,5178.22
2024-10,APP-MOD-003,134495.91,1461.9,15111.25,8484.49,2524.61
2024-10,DATA-ANLYT-004,104070.96,1131.2,7717.35,10354.84,916.69
2024-10,ZERO-TRUST-005,88413.89,961.0,17981.91,6480.36,2267.58
2024-10,AI-ML-006,62836.75,683.0,3223.68,7074.34,671.05
2024-10,SYS-ENG-101,403024.91,3838.3,104925.86,35973.92,15561.93
2024-10,TEST-EVAL-102,250770.18,2388.3,44143.75,21365.3,6034.08
2024-10,HW-INTEG-103,161828.75,1541.2,54798.28,23731.97,9499.45
2024-10,RADAR-DEV-104,323138.22,3077.5,70609.45,35979.61,15324.06
2024-10,PROTO-FAB-105,57931.86,551.7,9070.13,12720.73,968.37
2024-10,QUAL-ASSUR-107,60971.53,580.7,3080.73,2569.46,1432.43
2024-10,PROG-MGMT-201,145373.02,1652.0,6560.1,4761.28,7591.22
2024-10,STRAT-ADV-202,90965.64,1033.7,3136.0,1774.34,7263.81
2024-10,TRAIN-DEV-203,73000.43,829.6,3324.85,4023.23,3360.06
2024-10,CHANGE-MGT-204,22705.68,258.0,463.37,411.31,1354.62
2024-10,ACQN-SUPP-205,96367.54,1095.1,6630.45,2921.07,3845.32
2024-10,QUANTUM-R-301,101656.4,1037.3,8989.01,15131.43,1783.31
2024-10,EDGE-COMP-302,68974.88,703.8,3719.46,8195.37,622.78
2024-10,AUTO-TEST-303,26278.03,268.1,1125.74,2248.95,269.9
2024-10,CYBER-RES-304,78614.4,802.2,3548.06,8533.4,1821.99
2024-10,TASK-SEC-401,47550.21,609.6,2388.41,1285.02,507.69
2024-10,TASK-DOC-402,13939.22,178.7,248.73,133.49,125.34
2024-10,TASK-AUDIT-404,14165.37,181.6,391.24,300.56,334.76
2024-11,CLOUD-MIGR-001,252784.85,2747.7,40453.09,17851.56,8049.73
2024-11,CYBER-OPS-002,218686.89,2377.0,18995.96,9932.47,4035.75
2024-11,APP-MOD-003,137723.61,1497.0,16539.33,9047.02,2978.75
2024-11,DATA-ANLYT-004,101304.13,1101.1,7174.15,11142.15,929.99
2024-11,ZERO-TRUST-005,134622.49,1463.3,22190.22,8594.83,3478.41
2024-11,AI-ML-006,96688.25,1051.0,4987.77,11368.25,985.92
2024-11,SYS-ENG-101,398201.36,3792.4,100670.81,41388.36,14133.99
2024-11,TEST-EVAL-102,228184.98,2173.2,49124.66,19889.56,5700.62
2024-11,HW-INTEG-103,158508.94,1509.6,50459.57,21368.86,8128.87
2024-11,RADAR-DEV-104,274073.79,2610.2,61158.15,32932.17,11281.76
2024-11,PROTO-FAB-105,83809.97,798.2,11923.25,16843.83,1418.9
2024-11,QUAL-ASSUR-107,56540.8,538.5,2897.56,2039.6,1135.51
2024-11,PROG-MGMT-201,142565.65,1620.1,7028.7,4290.57,8406.12
2024-11,STRAT-ADV-202,76499.15,869.3,2269.07,1642.68,6666.52
2024-11,TRAIN-DEV-203,65740.68,747.1,2879.27,3480.95,2712.0
2024-11,CHANGE-MGT-204,34330.61,390.1,654.59,614.73,2055.8
2024-11,ACQN-SUPP-205,109459.85,1243.9,5718.44,3625.66,3558.29
2024-11,QUANTUM-R-301,91755.49,936.3,7932.75,14641.4,2186.23
2024-11,EDGE-COMP-302,76948.56,785.2,4506.61,10326.06,733.31
2024-11,AUTO-TEST-303,45165.5,460.9,2027.08,3505.4,484.67
2024-11,CYBER-RES-304,77186.49,787.6,3904.83,8003.07,1449.73
2024-11,TASK-SEC-401,41761.37,535.4,2111.41,1261.51,455.68
2024-11,TASK-DOC-402,21078.03,270.2,358.77,186.64,193.78
2024-11,TASK-AUDIT-404,23090.06,296.0,701.94,465.34,521.53
2024-12,CLOUD-MIGR-001,212431.44,2309.0,30394.09,16079.46,7487.98
2024-12,CYBER-OPS-002,187038.49,2033.0,16531.46,10046.54,3619.93
2024-12,APP-MOD-003,125671.47,1366.0,16816.76,6663.77,2217.93
2024-12,DATA-ANLYT-004,82348.4,895.1,5666.05,8428.1,890.45
2024-12,ZERO-TRUST-005,122120.62,1327.4,23567.96,8347.93,3274.31
2024-12,AI-ML-006,88652.84,963.6,4916.33,9505.85,887.91
2024-12,SYS-ENG-101,326108.14,3105.8,89250.57,34422.81,12099.41
2024-12,TEST-EVAL-102,208274.92,1983.6,43811.03,15944.86,5752.8
2024-12,HW-INTEG-103,126466.63,1204.4,39763.53,17699.96,5818.73
2024-12,RADAR-DEV-104,232921.84,2218.3,58137.84,30497.8,10850.72
2024-12,PROTO-FAB-105,94239.88,897.5,13827.25,18828.17,2240.87
2024-12,QUAL-ASSUR-107,55578.87,529.3,2921.79,2375.65,1030.98
2024-12,PROG-MGMT-201,112224.28,1275.3,5020.72,3266.91,7418.7
2024-12,STRAT-ADV-202,70956.15,806.3,2351.78,1351.26,6147.82
2024-12,TRAIN-DEV-203,60557.12,688.1,2723.67,3073.19,2875.53
2024-12,CHANGE-MGT-204,38961.68,442.7,693.7,731.14,1716.91
2024-12,ACQN-SUPP-205,88112.37,1001.3,5956.4,2863.6,2949.95
2024-12,QUANTUM-R-301,83008.29,847.0,6024.04,11759.34,1775.5
2024-12,EDGE-COMP-302,64860.25,661.8,4327.81,7200.73,716.5
2024-12,AUTO-TEST-303,44822.08,457.4,1824.54,3568.03,514.46
2024-12,CYBER-RES-304,61428.98,626.8,3492.56,5428.36,1443.41
2024-12,TASK-SEC-401,41442.63,531.3,1834.24,1392.34,410.93
2024-12,TASK-DOC-402,21590.2,276.8,445.33,200.59,251.75
2024-12,TASK-AUDIT-404,22999.1,294.9,747.0,446.81,466.17
2025-01,CLOUD-MIGR-001,255801.97,2780.5,35625.61,20527.1,7665.7
2025-01,CYBER-OPS-002,193664.57,2105.0,22162.89,9612.33,4399.64
2025-01,APP-MOD-003,152011.79,1652.3,17533.86,8932.3,3116.27
2025-01,DATA-ANLYT-004,99415.25,1080.6,7108.4,9370.74,1167.04
2025-01,ZERO-TRUST-005,178251.4,1937.5,31291.89,11436.7,4983.62
2025-01,AI-ML-006,119879.83,1303.0,6593.44,14383.17,1272.94
2025-01,SYS-ENG-101,415345.88,3955.7,96276.97,44740.31,19714.03
2025-01,TEST-EVAL-102,247133.44,2353.7,49287.24,18196.46,8288.78
2025-01,HW-INTEG-103,149617.56,1424.9,47851.92,22379.7,8728.39
2025-01,RADAR-DEV-104,302935.3,2885.1,69481.07,32502.38,9857.87
2025-01,PROTO-FAB-105,128493.41,1223.7,21848.18,26736.18,2841.59
2025-01,QUAL-ASSUR-107,59028.03,562.2,3254.7,2208.93,1278.39
2025-01,PROG-MGMT-201,121093.61,1376.1,6065.09,3522.26,7608.07
2025-01,STRAT-ADV-202,86721.19,985.5,2692.58,1727.43,6903.99
2025-01,TRAIN-DEV-203,60512.84,687.6,2458.01,2671.17,2449.0
2025-01,CHANGE-MGT-204,48084.87,546.4,1099.45,850.25,2705.41
2025-01,ACQN-SUPP-205,104212.02,1184.2,6827.04,3433.82,3513.22
2025-01,QUANTUM-R-301,85913.31,876.7,6149.12,11934.18,1736.45
2025-01,EDGE-COMP-302,79480.68,811.0,4435.96,9301.67,754.45
2025-01,AUTO-TEST-303,55021.45,561.4,2243.78,4919.6,489.88
2025-01,CYBER-RES-304,77519.19,791.0,4280.46,8037.94,1772.53
2025-01,TASK-SEC-401,46948.54,601.9,2061.16,1367.64,479.38
2025-01,TASK-DOC-402,27112.77,347.6,462.45,249.74,271.11
2025-01,TASK-AUDIT-404,29360.98,376.4,955.98,596.5,671.3
2025-02,CLOUD-MIGR-001,241909.82,2629.5,36593.01,17228.09,6419.56
2025-02,CYBER-OPS-002,226071.46,2457.3,25235.6,11237.11,3701.35
2025-02,APP-MOD-003,128428.59,1396.0,17379.09,8444.19,2633.82
2025-02,DATA-ANLYT-004,95448.71,1037.5,8618.1,9119.9,1130.67
2025-02,ZERO-TRUST-005,178528.41,1940.5,34566.98,13134.97,5137.97
2025-02,AI-ML-006,112438.63,1222.2,5052.63,12652.22,1274.9
2025-02,SYS-ENG-101,391658.85,3730.1,109562.42,37584.18,17268.14
2025-02,TEST-EVAL-102,223017.32,2124.0,51139.81,18801.24,6692.64
2025-02,HW-INTEG-103,175414.07,1670.6,45578.31,25914.83,9958.87
2025-02,RADAR-DEV-104,290826.38,2769.8,69145.24,38708.97,11152.39
2025-02,PROTO-FAB-105,126735.63,1207.0,16327.75,23968.2,3034.14
2025-02,QUAL-ASSUR-107,59967.83,571.1,2868.69,2652.68,1166.66
2025-02,PROG-MGMT-201,139101.41,1580.7,7290.32,3758.1,8742.08
2025-02,STRAT-ADV-202,88925.0,1010.5,2838.31,1600.1,6130.05
2025-02,TRAIN-DEV-203,69980.15,795.2,2911.65,3700.26,2593.94
2025-02,CHANGE-MGT-204,46391.08,527.2,790.09,885.13,2189.58
2025-02,ACQN-SUPP-205,96069.54,1091.7,5128.68,2665.85,3764.15
2025-02,QUANTUM-R-301,94482.11,964.1,7350.05,12560.96,1779.22
2025-02,EDGE-COMP-302,68682.06,700.8,4242.13,7894.56,655.29
2025-02,AUTO-TEST-303,53740.91,548.4,2077.28,3870.76,623.64
2025-02,CYBER-RES-304,80826.38,824.8,4621.05,8222.23,1402.88
2025-02,TASK-SEC-401,43566.79,558.5,1942.32,1244.62,434.47
2025-02,TASK-DOC-402,27155.34,348.1,532.46,266.41,269.84
2025-02,TASK-AUDIT-404,27236.59,349.2,756.23,511.6,571.98
2025-03,CLOUD-MIGR-001,268149.02,2914.7,36548.62,19428.43,7415.9
2025-03,CYBER-OPS-002,229470.31,2494.2,21792.0,11804.48,5147.62
2025-03,APP-MOD-003,135593.36,1473.8,15464.49,8751.58,3101.84
2025-03,DATA-ANLYT-004,115270.04,1252.9,8214.95,11030.88,1358.93
2025-03,ZERO-TRUST-005,164975.35,1793.2,28040.18,12835.88,5877.2
2025-03,AI-ML-006,117708.37,1279.4,6229.64,14094.52,1212.81
2025-03,SYS-ENG-101,379904.47,3618.1,91444.58,40876.15,14545.39
2025-03,TEST-EVAL-102,221764.63,2112.0,45202.51,18133.86,6774.37
2025-03,HW-INTEG-103,166037.93,1581.3,50560.03,27613.46,8174.45
2025-03,RADAR-DEV-104,312922.53,2980.2,67571.87,35670.15,13482.38
2025-03,PROTO-FAB-105,127826.95,1217.4,20874.72,25007.91,2555.83
2025-03,QUAL-ASSUR-107,61682.92,587.5,2845.45,2561.27,1339.87
2025-03,PROG-MGMT-201,142038.88,1614.1,6194.24,4763.0,8451.55
2025-03,STRAT-ADV-202,82257.37,934.7,2472.62,1811.13,7085.21
2025-03,TRAIN-DEV-203,67723.89,769.6,2945.22,3272.04,3137.51
2025-03,CHANGE-MGT-204,50725.05,576.4,1056.56,913.45,2809.11
2025-03,ACQN-SUPP-205,103881.07,1180.5,5961.75,3226.38,3397.82
2025-03,QUANTUM-R-301,102498.43,1045.9,8636.45,15004.36,2257.17
2025-03,EDGE-COMP-302,81731.2,834.0,4801.56,8655.64,738.44
2025-03,AUTO-TEST-303,56195.09,573.4,2260.48,4582.48,578.86
2025-03,CYBER-RES-304,73956.34,754.7,3577.05,7879.03,1531.54
2025-03,TASK-SEC-401,44635.56,572.3,2127.98,1186.27,375.75
2025-03,TASK-DOC-402,29254.25,375.1,666.13,265.59,344.11
2025-03,TASK-AUDIT-404,27621.93,354.1,781.89,546.52,487.66
2025-04,CLOUD-MIGR-001,262312.04,2851.2,39065.43,20673.54,8488.72
2025-04,CYBER-OPS-002,202942.28,2205.9,19078.18,10902.51,3433.92
2025-04,APP-MOD-003,150182.64,1632.4,18821.93,9394.05,2600.39
2025-04,DATA-ANLYT-004,115473.77,1255.1,8528.19,10645.17,997.76
2025-04,ZERO-TRUST-005,177574.29,1930.2,36359.58,11630.26,5124.9
2025-04,AI-ML-006,115079.86,1250.9,5996.49,13584.66,934.08
2025-04,SYS-ENG-101,409679.09,3901.7,93119.78,41874.48,15658.5
2025-04,TEST-EVAL-102,250163.48,2382.5,45616.58,21225.03,8431.7
2025-04,HW-INTEG-103,146198.5,1392.4,38619.46,23887.56,6394.6
2025-04,RADAR-DEV-104,289948.73,2761.4,62976.38,32809.37,13280.29
2025-04,PROTO-FAB-105,120827.53,1150.7,18880.5,24727.91,2524.14
2025-04,QUAL-ASSUR-107,61126.2,582.2,2916.87,2647.8,1279.92
2025-04,PROG-MGMT-201,142701.16,1621.6,7575.98,4072.92,8954.16
2025-04,STRAT-ADV-202,76952.59,874.5,2055.06,1397.9,5676.96
2025-04,TRAIN-DEV-203,62881.9,714.6,2661.24,3152.26,2433.02
2025-04,CHANGE-MGT-204,46706.46,530.8,901.54,863.68,2461.9
2025-04,ACQN-SUPP-205,104602.76,1188.7,6549.67,3514.58,4276.01
2025-04,QUANTUM-R-301,93265.32,951.7,6656.08,13367.24,1828.75
2025-04,EDGE-COMP-302,68092.1,694.8,3912.76,7209.32,581.92
2025-04,AUTO-TEST-303,59610.52,608.3,2716.21,4775.07,594.91
2025-04,CYBER-RES-304,77528.99,791.1,3778.33,8385.33,1543.57
2025-04,TASK-SEC-401,40906.21,524.4,1757.45,1304.07,375.04
2025-04,TASK-DOC-402,28414.45,364.3,574.7,261.52,279.29
2025-04,TASK-AUDIT-404,31197.46,400.0,1010.59,631.4,527.41
2025-05,CLOUD-MIGR-001,242901.85,2640.2,39442.42,20939.85,6898.98
2025-05,CYBER-OPS-002,224155.03,2436.5,19332.99,11796.78,4566.22
2025-05,APP-MOD-003,154129.98,1675.3,16289.53,9980.38,3392.52
2025-05,DATA-ANLYT-004,101024.72,1098.1,9292.61,9980.59,949.06
2025-05,ZERO-TRUST-005,186589.42,2028.1,32972.17,14609.67,6214.84
2025-05,AI-ML-006,116369.46,1264.9,6360.82,14259.01,1094.17
2025-05,SYS-ENG-101,417421.25,3975.4,108511.91,38395.89,14287.39
2025-05,TEST-EVAL-102,226221.74,2154.5,41266.59,16183.83,6381.67
2025-05,HW-INTEG-103,153200.59,1459.1,46494.72,22007.5,8285.25
2025-05,RADAR-DEV-104,287746.67,2740.4,58885.81,37496.52,13745.03
2025-05,PROTO-FAB-105,124470.45,1185.4,16403.35,27658.96,2773.89
2025-05,QUAL-ASSUR-107,65112.72,620.1,3736.64,2833.94,1107.9
2025-05,PROG-MGMT-201,144106.78,1637.6,6664.24,4542.54,9782.48
2025-05,STRAT-ADV-202,88310.99,1003.5,2789.4,1761.75,7283.68
2025-05,TRAIN-DEV-203,64032.27,727.6,2495.38,3164.72,2698.19
2025-05,CHANGE-MGT-204,54181.5,615.7,951.35,1087.69,2468.75
2025-05,ACQN-SUPP-205,109495.16,1244.3,6311.66,3639.82,4077.23
2025-05,QUANTUM-R-301,84159.26,858.8,7286.45,13328.98,1838.67
2025-05,EDGE-COMP-302,74145.81,756.6,4667.82,8594.75,611.95
2025-05,AUTO-TEST-303,56461.43,576.1,2067.28,4440.64,499.54
2025-05,CYBER-RES-304,71305.97,727.6,3916.49,6852.94,1470.58
2025-05,TASK-SEC-401,45221.81,579.8,2251.14,1305.78,485.24
2025-05,TASK-DOC-402,27066.92,347.0,476.31,289.11,266.29
2025-05,TASK-AUDIT-404,27518.16,352.8,914.12,542.61,440.44
2025-06,CLOUD-MIGR-001,287322.64,3123.1,39249.51,24026.2,7350.56
2025-06,CYBER-OPS-002,216885.62,2357.5,19469.68,11970.5,3945.62
2025-06,APP-MOD-003,144719.3,1573.0,16065.87,8416.09,3361.89
2025-06,DATA-ANLYT-004,98241.35,1067.8,7614.9,9365.57,1060.79
2025-06,ZERO-TRUST-005,166143.74,1805.9,31300.85,12198.63,3989.62
2025-06,AI-ML-006,122261.96,1328.9,5439.5,13707.31,1310.64
2025-06,SYS-ENG-101,361228.38,3440.3,95606.24,38872.01,17270.5
2025-06,TEST-EVAL-102,236589.0,2253.2,42096.4,16977.6,6765.7
2025-06,HW-INTEG-103,167609.66,1596.3,44285.56,24015.22,9657.63
2025-06,RADAR-DEV-104,278602.15,2653.4,66320.79,35463.53,9508.79
2025-06,PROTO-FAB-105,132007.96,1257.2,17679.61,26594.9,2121.08
2025-06,QUAL-ASSUR-107,61883.4,589.4,3038.57,2607.48,1301.08
2025-06,PROG-MGMT-201,124913.28,1419.5,6080.23,3915.19,8573.94
2025-06,STRAT-ADV-202,76985.08,874.8,2032.73,1632.99,6379.47
2025-06,TRAIN-DEV-203,65580.67,745.2,2987.79,3133.05,2245.3
2025-06,CHANGE-MGT-204,48107.29,546.7,842.14,974.48,2501.59
2025-06,ACQN-SUPP-205,102873.83,1169.0,6689.01,3227.3,4687.58
2025-06,QUANTUM-R-301,96419.8,983.9,7254.59,14524.58,1935.74
2025-06,EDGE-COMP-302,78473.25,800.7,4419.59,8410.1,909.63
2025-06,AUTO-TEST-303,61174.53,624.2,2443.23,4439.11,611.64
2025-06,CYBER-RES-304,76171.71,777.3,3840.9,8490.46,1820.13
2025-06,TASK-SEC-401,48504.74,621.9,2157.48,1581.15,498.31
2025-06,TASK-DOC-402,28953.36,371.2,610.85,307.79,342.17
2025-06,TASK-AUDIT-404,31363.18,402.1,804.47,562.16,567.59
2025-07,CLOUD-MIGR-001,227037.02,2467.8,29565.01,19424.01,6829.12
2025-07,CYBER-OPS-002,205184.11,2230.3,20524.87,10050.98,4434.95
2025-07,APP-MOD-003,122222.66,1328.5,14827.6,7537.6,2226.87
2025-07,DATA-ANLYT-004,96217.5,1045.8,7723.51,8936.37,1080.74
2025-07,ZERO-TRUST-005,167913.45,1825.1,29233.65,12132.78,5711.46
2025-07,AI-ML-006,120915.63,1314.3,5258.83,15201.74,1320.38
2025-07,SYS-ENG-101,406878.35,3875.0,88228.7,36647.17,15848.62
2025-07,TEST-EVAL-102,226177.7,2154.1,46712.47,17266.04,7441.32
2025-07,HW-INTEG-103,159530.39,1519.3,42395.18,25123.55,8619.43
2025-07,RADAR-DEV-104,266196.18,2535.2,66522.18,32119.91,11853.13
2025-07,PROTO-FAB-105,119193.63,1135.2,16092.73,21704.29,2651.94
2025-07,QUAL-ASSUR-107,54437.07,518.4,3037.38,2319.33,883.78
2025-07,PROG-MGMT-201,135396.95,1538.6,6306.75,3636.75,8813.77
2025-07,STRAT-ADV-202,80948.41,919.9,2120.33,1601.56,6113.54
2025-07,TRAIN-DEV-203,63775.97,724.7,2602.23,3087.54,2301.16
2025-07,CHANGE-MGT-204,44036.65,500.4,900.26,927.82,1962.63
2025-07,ACQN-SUPP-205,95840.28,1089.1,4963.83,3125.65,3441.9
2025-07,QUANTUM-R-301,88284.6,900.9,6814.82,12130.57,2070.21
2025-07,EDGE-COMP-302,76107.13,776.6,4638.85,10040.18,834.34
2025-07,AUTO-TEST-303,52412.52,534.8,1984.42,4108.73,570.31
2025-07,CYBER-RES-304,67779.33,691.6,2959.81,6571.03,1356.69
2025-07,TASK-SEC-401,45808.28,587.3,2070.08,1474.63,546.29
2025-07,TASK-DOC-402,30833.61,395.3,536.92,305.75,281.49
2025-07,TASK-AUDIT-404,30216.08,387.4,859.52,612.02,485.38
2025-08,CLOUD-MIGR-001,235080.85,2555.2,35937.12,17921.4,7398.61
2025-08,CYBER-OPS-002,148947.77,1619.0,15304.49,7435.52,3303.8
2025-08,APP-MOD-003,125236.46,1361.3,16833.78,7983.94,2249.37
2025-08,DATA-ANLYT-004,90145.69,979.8,7017.02,8436.91,846.08
2025-08,ZERO-TRUST-005,178021.62,1935.0,35669.97,13810.32,4275.64
2025-08,AI-ML-006,120361.31,1308.3,6648.17,15230.98,1012.94
2025-08,SYS-ENG-101,382780.29,3645.5,88178.25,38204.8,12615.8
2025-08,TEST-EVAL-102,188248.98,1792.8,40040.4,13588.96,6599.12
2025-08,HW-INTEG-103,164298.33,1564.7,49581.68,25832.71,7795.93
2025-08,RADAR-DEV-104,312469.52,2975.9,60182.74,33856.89,10666.53
2025-08,PROTO-FAB-105,121458.37,1156.7,15894.94,24687.07,2365.99
2025-08,QUAL-ASSUR-107,46781.93,445.5,2154.38,1763.94,866.4
2025-08,PROG-MGMT-201,135236.45,1536.8,7169.0,4286.26,7523.66
2025-08,STRAT-ADV-202,57067.48,648.5,1493.58,1059.92,5076.61
2025-08,TRAIN-DEV-203,64861.5,737.1,2326.25,2981.85,2559.23
2025-08,CHANGE-MGT-204,46941.3,533.4,948.94,1043.52,2072.59
2025-08,ACQN-SUPP-205,92003.53,1045.5,5131.05,2508.33,3176.13
2025-08,QUANTUM-R-301,92089.79,939.7,8088.55,14466.16,1503.15
2025-08,EDGE-COMP-302,75800.85,773.5,4313.09,8203.69,681.67
2025-08,AUTO-TEST-303,51734.62,527.9,2077.74,4314.77,467.72
2025-08,CYBER-RES-304,58499.41,596.9,2513.5,5715.71,1147.62
2025-08,TASK-SEC-401,33377.65,427.9,1543.64,992.21,374.35
2025-08,TASK-DOC-402,26230.19,336.3,447.8,283.1,312.93
2025-08,TASK-AUDIT-404,26178.87,335.6,861.63,507.52,550.87
2025-09,CLOUD-MIGR-001,297910.12,3238.2,45790.15,22453.29,10055.35
2025-09,CYBER-OPS-002,104736.44,1138.4,9105.17,5742.69,2047.33
2025-09,APP-MOD-003,142952.85,1553.8,19239.0,9255.16,2666.41
2025-09,DATA-ANLYT-004,105220.45,1143.7,8319.14,9683.62,1083.3
2025-09,ZERO-TRUST-005,205439.72,2233.0,35814.29,12756.84,6614.86
2025-09,AI-ML-006,126273.18,1372.5,5773.3,14015.05,1151.54
2025-09,SYS-ENG-101,474378.77,4517.9,102038.26,48794.71,17045.64
2025-09,TEST-EVAL-102,126761.12,1207.2,24682.87,10264.26,3135.02
2025-09,HW-INTEG-103,168474.51,1604.5,45041.87,23448.36,9719.81
2025-09,RADAR-DEV-104,332150.08,3163.3,75939.4,42748.53,14852.93
2025-09,PROTO-FAB-105,145115.26,1382.1,23608.25,28041.69,2953.99
2025-09,QUAL-ASSUR-107,32943.15,313.7,1851.08,1318.48,629.45
2025-09,PROG-MGMT-201,138244.8,1571.0,6536.65,3867.67,9607.79
2025-09,STRAT-ADV-202,48728.58,553.7,1268.27,1089.54,3944.18
2025-09,TRAIN-DEV-203,77792.97,884.0,3578.11,4332.12,2614.01
2025-09,CHANGE-MGT-204,57126.42,649.2,1062.5,1229.26,3333.05
2025-09,ACQN-SUPP-205,100938.38,1147.0,6958.19,2824.23,4597.15
2025-09,QUANTUM-R-301,108919.46,1111.4,8334.01,17668.04,2479.2
2025-09,EDGE-COMP-302,76916.1,784.9,4743.06,9908.24,829.96
2025-09,AUTO-TEST-303,66789.99,681.5,2293.47,5600.39,787.47
2025-09,CYBER-RES-304,41645.05,424.9,2121.68,3852.9,995.49
2025-09,TASK-SEC-401,26420.85,338.7,1317.96,756.3,263.2
2025-09,TASK-DOC-402,30047.55,385.2,552.75,280.2,303.65
2025-09,TASK-AUDIT-404,29461.2,377.7,994.64,547.01,502.13
2025-10,CLOUD-MIGR-001,288362.46,3134.4,48688.6,24975.15,8040.43
2025-10,APP-MOD-003,133304.25,1449.0,16412.14,8799.15,2958.68
2025-10,DATA-ANLYT-004,118209.15,1284.9,10479.96,13127.53,1122.32
2025-10,ZERO-TRUST-005,200532.25,2179.7,34965.24,12693.16,5538.94
2025-10,AI-ML-006,119595.71,1300.0,5365.37,15896.95,1335.57
2025-10,SYS-ENG-101,459312.85,4374.4,119967.24,42339.86,21817.31
2025-10,HW-INTEG-103,174738.45,1664.2,59165.75,28016.11,7769.7
2025-10,RADAR-DEV-104,321035.27,3057.5,63749.0,36738.16,13809.65
2025-10,PROTO-FAB-105,116766.09,1112.1,18717.3,25868.57,2754.46
2025-10,PROG-MGMT-201,137932.85,1567.4,7919.31,4599.97,6727.98
2025-10,TRAIN-DEV-203,71938.3,817.5,3241.0,4000.52,2556.28
2025-10,CHANGE-MGT-204,53564.19,608.7,1211.63,978.89,2941.04
2025-10,ACQN-SUPP-205,100201.13,1138.6,6882.1,2766.43,4625.8
2025-10,QUANTUM-R-301,90060.05,919.0,7656.47,13960.0,2079.78
2025-10,EDGE-COMP-302,77667.53,792.5,4331.82,8759.87,642.4
2025-10,AUTO-TEST-303,56013.57,571.6,1977.08,3944.73,534.58
2025-10,TASK-DOC-402,32695.26,419.2,745.93,357.13,326.05
2025-10,TASK-AUDIT-404,30484.13,390.8,927.15,551.36,604.68
2025-11,CLOUD-MIGR-001,296494.03,3222.8,46488.38,24784.97,7694.58
2025-11,APP-MOD-003,134831.19,1465.6,17858.05,7691.67,2501.08
2025-11,DATA-ANLYT-004,120534.68,1310.2,8411.01,11099.14,1145.3
2025-11,ZERO-TRUST-005,192796.13,2095.6,35193.1,14785.24,4842.51
2025-11,AI-ML-006,131398.8,1428.2,6793.93,15702.53,1067.48
2025-11,SYS-ENG-101,457780.32,4359.8,102943.25,50060.15,15799.67
2025-11,HW-INTEG-103,154810.3,1474.4,42340.55,21493.77,8351.08
2025-11,RADAR-DEV-104,329431.1,3137.4,77475.04,37304.65,12025.67
2025-11,PROTO-FAB-105,119546.87,1138.5,15509.25,24321.21,2715.97
2025-11,PROG-MGMT-201,131221.43,1491.2,6287.14,3868.25,7226.26
2025-11,TRAIN-DEV-203,72779.05,827.0,2998.69,3376.66,2358.9
2025-11,CHANGE-MGT-204,49390.36,561.3,926.11,888.7,2809.1
2025-11,ACQN-SUPP-205,101689.08,1155.6,5913.67,3042.69,4329.58
2025-11,QUANTUM-R-301,90107.37,919.5,7304.02,12493.9,2080.03
2025-11,EDGE-COMP-302,76454.96,780.2,4512.67,8653.4,753.86
2025-11,AUTO-TEST-303,55655.4,567.9,2071.65,3984.01,612.71
2025-11,TASK-DOC-402,32288.39,414.0,565.51,310.78,328.24
2025-11,TASK-AUDIT-404,34183.14,438.2,1053.1,692.46,776.86
2025-12,CLOUD-MIGR-001,249875.36,2716.0,36566.37,20160.41,8596.39
2025-12,APP-MOD-003,124657.52,1355.0,16671.64,7436.84,2073.26
2025-12,DATA-ANLYT-004,101535.77,1103.6,8645.09,10158.7,1178.0
2025-12,ZERO-TRUST-005,166021.19,1804.6,31475.44,11956.94,4224.14
2025-12,AI-ML-006,115266.3,1252.9,5197.72,15439.9,1370.36
2025-12,SYS-ENG-101,379534.12,3614.6,84242.89,37255.45,18146.47
2025-12,HW-INTEG-103,141144.5,1344.2,48660.16,21818.14,8000.38
2025-12,RADAR-DEV-104,255127.66,2429.8,63045.39,33658.54,8437.63
2025-12,PROTO-FAB-105,104843.97,998.5,15242.32,20093.78,1909.17
2025-12,PROG-MGMT-201,118838.15,1350.4,6607.64,3810.33,7481.26
2025-12,TRAIN-DEV-203,60190.91,684.0,2349.56,2947.75,2068.83
2025-12,CHANGE-MGT-204,45730.75,519.7,985.51,1011.12,2675.18
2025-12,ACQN-SUPP-205,91007.6,1034.2,4806.82,2590.06,3692.19
2025-12,QUANTUM-R-301,80807.45,824.6,6291.78,11780.88,1606.83
2025-12,EDGE-COMP-302,68183.87,695.8,3523.36,7741.05,584.7
2025-12,AUTO-TEST-303,51134.83,521.8,2164.23,3637.97,591.03
2025-12,TASK-DOC-402,25660.73,329.0,472.81,271.74,299.8
2025-12,TASK-AUDIT-404,28664.37,367.5,736.16,616.96,528.12
2026-01,CLOUD-MIGR-001,264230.21,2872.1,39534.88,22133.7,6652.95
2026-01,APP-MOD-003,158273.11,1720.4,16909.56,10577.2,3093.43
2026-01,DATA-ANLYT-004,117752.42,1279.9,8768.56,11540.04,1246.08
2026-01,ZERO-TRUST-005,172748.18,1877.7,28402.41,13032.59,5681.92
2026-01,AI-ML-006,135666.86,1474.6,7530.57,17534.3,1364.95
2026-01,SYS-ENG-101,391880.3,3732.2,92418.79,39251.94,13390.71
2026-01,HW-INTEG-103,180045.47,1714.7,60160.38,23953.63,7895.94
2026-01,RADAR-DEV-104,336426.68,3204.1,81496.15,37943.99,13222.64
2026-01,PROTO-FAB-105,136718.11,1302.1,21766.69,25860.36,3088.2
2026-01,PROG-MGMT-201,141134.02,1603.8,7343.36,3851.81,6877.96
2026-01,TRAIN-DEV-203,68696.65,780.6,2825.39,3169.05,3155.08
2026-01,CHANGE-MGT-204,53789.74,611.2,1027.31,988.92,3113.88
2026-01,ACQN-SUPP-205,111007.23,1261.4,7037.78,3158.43,4238.82
2026-01,QUANTUM-R-301,91515.97,933.8,7479.98,15259.1,2091.77
2026-01,EDGE-COMP-302,80819.52,824.7,5107.67,9160.86,778.94
2026-01,AUTO-TEST-303,53227.34,543.1,2308.13,4531.64,427.71
2026-01,TASK-DOC-402,33813.3,433.5,706.16,346.34,271.65
2026-01,TASK-AUDIT-404,29694.82,380.7,972.38,566.17,704.84
2026-02,CLOUD-MIGR-001,284261.26,3089.8,41664.54,22066.73,8011.76
2026-02,APP-MOD-003,140087.09,1522.7,16642.5,8762.68,3165.2
2026-02,DATA-ANLYT-004,108274.63,1176.9,7628.54,10857.38,1153.06
2026-02,ZERO-TRUST-005,196897.44,2140.2,34104.29,14270.21,6164.58
2026-02,AI-ML-006,123775.07,1345.4,5461.15,13298.21,1479.54
2026-02,SYS-ENG-101,432391.01,4118.0,119820.68,40760.43,18756.04
2026-02,HW-INTEG-103,181427.56,1727.9,51142.83,24927.68,10034.67
2026-02,RADAR-DEV-104,340638.04,3244.2,81807.08,43842.87,14170.72
2026-02,PROTO-FAB-105,130220.36,1240.2,20592.27,27427.22,2766.3
2026-02,PROG-MGMT-201,155017.04,1761.6,7191.46,4559.62,8885.36
2026-02,TRAIN-DEV-203,63943.22,726.6,2717.38,3252.44,2240.48
2026-02,CHANGE-MGT-204,55266.63,628.0,1013.27,1114.52,3078.24
2026-02,ACQN-SUPP-205,114339.49,1299.3,7214.09,3436.21,5205.5
2026-02,QUANTUM-R-301,104817.37,1069.6,9332.51,14519.4,1758.92
2026-02,EDGE-COMP-302,72663.81,741.5,4044.16,9364.93,803.06
2026-02,AUTO-TEST-303,55146.99,562.7,2324.81,4237.72,460.87
2026-02,TASK-DOC-402,30337.74,388.9,651.21,289.33,338.34
2026-02,TASK-AUDIT-404,30187.99,387.0,840.59,573.92,688.58
2026-03,CLOUD-MIGR-001,274742.82,2986.3,45741.3,22420.29,9707.11
2026-03,APP-MOD-003,134757.68,1464.8,18060.14,8086.39,3091.34
2026-03,DATA-ANLYT-004,107932.3,1173.2,8112.25,9638.08,1232.26
2026-03,ZERO-TRUST-005,170884.68,1857.4,27993.65,11701.23,5268.86
2026-03,AI-ML-006,139461.97,1515.9,6884.34,15997.94,1514.93
2026-03,SYS-ENG-101,444027.75,4228.8,110593.35,45799.15,15465.13
2026-03,HW-INTEG-103,172751.31,1645.3,44124.87,24504.26,9540.0
2026-03,RADAR-DEV-104,294517.94,2804.9,69935.03,35253.74,13022.73
2026-03,PROTO-FAB-105,115774.22,1102.6,17962.55,23896.66,2226.01
2026-03,PROG-MGMT-201,154110.73,1751.3,7435.8,4110.38,8134.88
2026-03,TRAIN-DEV-203,68705.6,780.7,2347.6,3288.7,3114.54
2026-03,CHANGE-MGT-204,49599.14,563.6,1044.58,1022.14,2230.79
2026-03,ACQN-SUPP-205,109834.84,1248.1,6282.37,3001.6,4188.75
2026-03,QUANTUM-R-301,99872.16,1019.1,7191.64,16145.17,1836.21
2026-03,EDGE-COMP-302,75221.26,767.6,4821.76,9235.32,703.42
2026-03,AUTO-TEST-303,63447.84,647.4,2915.15,4884.24,736.35
2026-03,TASK-DOC-402,30362.53,389.3,550.49,336.28,354.42
2026-03,TASK-AUDIT-404,30638.34,392.8,844.26,646.18,522.37
