Period,Account,Amount
2022-10,5100.01,224231.35
2022-10,5100.02,154362.62
2022-10,5100.03,112047.37
2022-10,5100.04,129130.16
2022-10,5100.05,87565.27
2022-10,5100.06,64901.94
2022-10,5100.07,44371.02
2022-10,5100.08,18088.62
2022-10,5200.01,13573.01
2022-10,5200.02,4400.7
2022-10,5200.03,6986.2
2022-10,5300.01,73338.13
2022-10,5300.02,27488.07
2022-10,5300.03,14621.29
2022-10,5400.01,21865.69
2022-10,5400.02,15010.84
2022-10,5400.03,17985.13
2022-10,5400.04,4586.34
2022-10,6100.01,80388.72
2022-10,6100.02,15247.9
2022-10,6100.03,30174.62
2022-10,6100.04,66951.93
2022-10,6100.05,6838.19
2022-10,6100.06,51754.57
2022-10,6100.07,9834.62
2022-10,7100.01,93331.8
2022-10,7100.02,15549.72
2022-10,7100.03,89779.01
2022-10,7100.04,49896.87
2022-10,7100.05,41368.69
2022-10,7100.06,11686.1
2022-10,7100.07,19849.42
2022-10,7100.08,37595.15
2022-10,7100.09,40259.4
2022-10,7100.10,22720.3
2022-10,8100.01,49634.98
2022-10,8100.02,23048.21
2022-10,8100.03,18249.89
2022-10,8100.04,13590.23
2022-10,8100.05,26330.96
2022-10,8100.06,9608.31
2022-10,8100.07,9376.51
2022-10,8100.08,6831.68
2022-10,8200.01,21029.28
2022-10,8200.02,4537.82
2022-10,8300.01,11541.63
2022-10,8300.02,4315.66
2022-10,9100.01,1717.88
2022-10,9100.02,371.49
2022-10,9100.03,622.02
2022-10,9100.04,268.67
2022-10,9100.05,1063.11
2022-11,5100.01,340299.84
2022-11,5100.02,228987.34
2022-11,5100.03,169878.83
2022-11,5100.04,198455.55
2022-11,5100.05,133984.3
2022-11,5100.06,99267.71
2022-11,5100.07,65137.21
2022-11,5100.08,27516.55
2022-11,5200.01,23019.48
2022-11,5200.02,7376.87
2022-11,5200.03,11178.39
2022-11,5300.01,109370.18
2022-11,5300.02,41202.65
2022-11,5300.03,22585.96
2022-11,5400.01,32151.61
2022-11,5400.02,23132.13
2022-11,5400.03,26976.47
2022-11,5400.04,6986.44
2022-11,6100.01,115006.56
2022-11,6100.02,25611.17
2022-11,6100.03,41339.6
2022-11,6100.04,105544.84
2022-11,6100.05,11041.59
2022-11,6100.06,72807.73
2022-11,6100.07,14270.44
2022-11,7100.01,142190.3
2022-11,7100.02,24349.97
2022-11,7100.03,137125.71
2022-11,7100.04,85589.63
2022-11,7100.05,63024.89
2022-11,7100.06,15807.86
2022-11,7100.07,33907.82
2022-11,7100.08,52530.98
2022-11,7100.09,64293.51
2022-11,7100.10,39621.55
2022-11,8100.01,77756.41
2022-11,8100.02,36218.02
2022-11,8100.03,30845.37
2022-11,8100.04,22553.34
2022-11,8100.05,40918.83
2022-11,8100.06,16102.18
2022-11,8100.07,12978.21
2022-11,8100.08,11098.08
2022-11,8200.01,32144.43
2022-11,8200.02,7407.08
2022-11,8300.01,17441.05
2022-11,8300.02,6066.16
2022-11,9100.01,2729.15
2022-11,9100.02,644.61
2022-11,9100.03,948.64
2022-11,9100.04,364.7
2022-11,9100.05,1507.62
2022-12,5100.01,336007.14
2022-12,5100.02,228647.21
2022-12,5100.03,177134.76
2022-12,5100.04,203545.08
2022-12,5100.05,136773.25
2022-12,5100.06,100036.94
2022-12,5100.07,68174.97
2022-12,5100.08,27480.25
2022-12,5200.01,22326.46
2022-12,5200.02,7291.51
2022-12,5200.03,11082.74
2022-12,5300.01,120233.26
2022-12,5300.02,46155.31
2022-12,5300.03,25471.73
2022-12,5400.01,33437.25
2022-12,5400.02,23069.58
2022-12,5400.03,27682.41
2022-12,5400.04,7161.13
2022-12,6100.01,108006.73
2022-12,6100.02,20485.78
2022-12,6100.03,38257.51
2022-12,6100.04,88175.61
2022-12,6100.05,8604.72
2022-12,6100.06,67418.71
2022-12,6100.07,11984.18
2022-12,7100.01,143033.96
2022-12,7100.02,20510.84
2022-12,7100.03,118251.07
2022-12,7100.04,67733.18
2022-12,7100.05,63398.83
2022-12,7100.06,15242.31
2022-12,7100.07,27859.35
2022-12,7100.08,51010.13
2022-12,7100.09,51879.41
2022-12,7100.10,32268.54
2022-12,8100.01,65216.47
2022-12,8100.02,33305.47
2022-12,8100.03,26378.92
2022-12,8100.04,19488.75
2022-12,8100.05,31848.98
2022-12,8100.06,13126.1
2022-12,8100.07,11338.88
2022-12,8100.08,9892.66
2022-12,8200.01,27445.62
2022-12,8200.02,5652.23
2022-12,8300.01,16134.07
2022-12,8300.02,5176.1
2022-12,9100.01,2202.61
2022-12,9100.02,522.31
2022-12,9100.03,826.63
2022-12,9100.04,325.86
2022-12,9100.05,1389.36
2023-01,5100.01,429663.35
2023-01,5100.02,292435.91
2023-01,5100.03,222800.43
2023-01,5100.04,256074.76
2023-01,5100.05,165126.83
2023-01,5100.06,129438.54
2023-01,5100.07,84869.84
2023-01,5100.08,34710.66
2023-01,5200.01,26634.79
2023-01,5200.02,9175.38
2023-01,5200.03,13775.27
2023-01,5300.01,136139.63
2023-01,5300.02,51683.85
2023-01,5300.03,28051.35
2023-01,5400.01,44644.66
2023-01,5400.02,31669.12
2023-01,5400.03,36723.74
2023-01,5400.04,9097.89
2023-01,6100.01,150367.83
2023-01,6100.02,31239.38
2023-01,6100.03,57585.9
2023-01,6100.04,130291.08
2023-01,6100.05,13708.36
2023-01,6100.06,100812.51
2023-01,6100.07,19330.0
2023-01,7100.01,181928.25
2023-01,7100.02,29525.28
2023-01,7100.03,179234.68
2023-01,7100.04,98659.54
2023-01,7100.05,80638.47
2023-01,7100.06,21085.56
2023-01,7100.07,43482.64
2023-01,7100.08,76065.95
2023-01,7100.09,80806.6
2023-01,7100.10,47369.05
2023-01,8100.01,106595.41
2023-01,8100.02,43772.5
2023-01,8100.03,35361.01
2023-01,8100.04,25951.04
2023-01,8100.05,52910.87
2023-01,8100.06,20365.14
2023-01,8100.07,16587.97
2023-01,8100.08,14011.73
2023-01,8200.01,42040.48
2023-01,8200.02,9459.79
2023-01,8300.01,23197.05
2023-01,8300.02,7813.1
2023-01,9100.01,3596.86
2023-01,9100.02,814.0
2023-01,9100.03,1106.02
2023-01,9100.04,484.97
2023-01,9100.05,2101.05
2023-02,5100.01,434160.92
2023-02,5100.02,297046.88
2023-02,5100.03,223590.77
2023-02,5100.04,249765.27
2023-02,5100.05,168593.94
2023-02,5100.06,131982.57
2023-02,5100.07,81672.53
2023-02,5100.08,35325.74
2023-02,5200.01,30633.8
2023-02,5200.02,9934.82
2023-02,5200.03,15717.16
2023-02,5300.01,148111.43
2023-02,5300.02,54379.43
2023-02,5300.03,30103.69
2023-02,5400.01,41892.94
2023-02,5400.02,27960.25
2023-02,5400.03,34398.8
2023-02,5400.04,8763.08
2023-02,6100.01,146103.75
2023-02,6100.02,30508.33
2023-02,6100.03,57216.68
2023-02,6100.04,133942.08
2023-02,6100.05,13601.2
2023-02,6100.06,95295.91
2023-02,6100.07,19861.87
2023-02,7100.01,179611.99
2023-02,7100.02,33135.46
2023-02,7100.03,177035.77
2023-02,7100.04,98249.13
2023-02,7100.05,79611.8
2023-02,7100.06,22943.59
2023-02,7100.07,43846.4
2023-02,7100.08,69375.65
2023-02,7100.09,77683.51
2023-02,7100.10,45951.43
2023-02,8100.01,105204.32
2023-02,8100.02,48454.38
2023-02,8100.03,35706.27
2023-02,8100.04,28060.92
2023-02,8100.05,53399.22
2023-02,8100.06,20075.76
2023-02,8100.07,18693.51
2023-02,8100.08,13880.6
2023-02,8200.01,41598.53
2023-02,8200.02,8911.47
2023-02,8300.01,22520.26
2023-02,8300.02,7574.75
2023-02,9100.01,3491.78
2023-02,9100.02,836.52
2023-02,9100.03,1193.03
2023-02,9100.04,521.04
2023-02,9100.05,1942.96
2023-03,5100.01,447511.72
2023-03,5100.02,303870.94
2023-03,5100.03,223411.74
2023-03,5100.04,258096.19
2023-03,5100.05,173398.78
2023-03,5100.06,134106.95
2023-03,5100.07,87672.2
2023-03,5100.08,36541.93
2023-03,5200.01,32320.53
2023-03,5200.02,10852.95
2023-03,5200.03,15747.76
2023-03,5300.01,140982.47
2023-03,5300.02,52747.25
2023-03,5300.03,28665.16
2023-03,5400.01,42163.87
2023-03,5400.02,29640.19
2023-03,5400.03,36736.92
2023-03,5400.04,9015.47
2023-03,6100.01,167940.21
2023-03,6100.02,30543.25
2023-03,6100.03,56536.71
2023-03,6100.04,125963.35
2023-03,6100.05,14896.41
2023-03,6100.06,104000.39
2023-03,6100.07,18546.8
2023-03,7100.01,186707.06
2023-03,7100.02,33605.66
2023-03,7100.03,163398.53
2023-03,7100.04,111293.19
2023-03,7100.05,82756.64
2023-03,7100.06,20790.82
2023-03,7100.07,44883.57
2023-03,7100.08,75448.78
2023-03,7100.09,90791.95
2023-03,7100.10,50321.82
2023-03,8100.01,107007.71
2023-03,8100.02,46409.05
2023-03,8100.03,40095.18
2023-03,8100.04,29609.44
2023-03,8100.05,50696.67
2023-03,8100.06,20715.78
2023-03,8100.07,19405.7
2023-03,8100.08,13874.98
2023-03,8200.01,48733.83
2023-03,8200.02,9774.55
2023-03,8300.01,23495.41
2023-03,8300.02,8141.15
2023-03,9100.01,3257.04
2023-03,9100.02,775.26
2023-03,9100.03,1234.43
2023-03,9100.04,527.3
2023-03,9100.05,2137.99
2023-04,5100.01,460390.56
2023-04,5100.02,321200.29
2023-04,5100.03,236257.83
2023-04,5100.04,268114.67
2023-04,5100.05,179885.62
2023-04,5100.06,136668.66
2023-04,5100.07,89136.38
2023-04,5100.08,38100.04
2023-04,5200.01,29232.12
2023-04,5200.02,9380.06
2023-04,5200.03,13970.3
2023-04,5300.01,146100.18
2023-04,5300.02,53175.8
2023-04,5300.03,29368.84
2023-04,5400.01,45034.91
2023-04,5400.02,31168.02
2023-04,5400.03,37542.24
2023-04,5400.04,9551.03
2023-04,6100.01,155043.18
2023-04,6100.02,33402.39
2023-04,6100.03,57397.45
2023-04,6100.04,130267.94
2023-04,6100.05,14903.56
2023-04,6100.06,97309.68
2023-04,6100.07,18485.39
2023-04,7100.01,190547.03
2023-04,7100.02,32024.12
2023-04,7100.03,167294.06
2023-04,7100.04,115630.13
2023-04,7100.05,84458.68
2023-04,7100.06,23078.79
2023-04,7100.07,44379.85
2023-04,7100.08,74046.73
2023-04,7100.09,88566.68
2023-04,7100.10,48316.65
2023-04,8100.01,113063.12
2023-04,8100.02,47998.44
2023-04,8100.03,37385.71
2023-04,8100.04,27380.82
2023-04,8100.05,49858.67
2023-04,8100.06,20616.62
2023-04,8100.07,18290.33
2023-04,8100.08,14505.22
2023-04,8200.01,43323.19
2023-04,8200.02,8856.34
2023-04,8300.01,23585.89
2023-04,8300.02,8018.23
2023-04,9100.01,3524.65
2023-04,9100.02,786.87
2023-04,9100.03,1285.95
2023-04,9100.04,517.51
2023-04,9100.05,2223.65
2023-05,5100.01,448654.47
2023-05,5100.02,314405.33
2023-05,5100.03,220821.4
2023-05,5100.04,261708.0
2023-05,5100.05,172158.18
2023-05,5100.06,136087.04
2023-05,5100.07,86949.78
2023-05,5100.08,36802.74
2023-05,5200.01,29686.03
2023-05,5200.02,9753.53
2023-05,5200.03,14316.31
2023-05,5300.01,145664.28
2023-05,5300.02,54717.01
2023-05,5300.03,29256.21
2023-05,5400.01,43349.98
2023-05,5400.02,29783.65
2023-05,5400.03,37130.3
2023-05,5400.04,9324.9
2023-05,6100.01,157441.78
2023-05,6100.02,33687.97
2023-05,6100.03,57730.49
2023-05,6100.04,121006.2
2023-05,6100.05,14953.21
2023-05,6100.06,95470.02
2023-05,6100.07,19120.31
2023-05,7100.01,185758.48
2023-05,7100.02,34435.45
2023-05,7100.03,166366.35
2023-05,7100.04,113127.36
2023-05,7100.05,82336.19
2023-05,7100.06,22224.42
2023-05,7100.07,38847.88
2023-05,7100.08,67268.9
2023-05,7100.09,87674.55
2023-05,7100.10,50306.52
2023-05,8100.01,111586.8
2023-05,8100.02,47612.34
2023-05,8100.03,35737.8
2023-05,8100.04,28284.63
2023-05,8100.05,53906.93
2023-05,8100.06,21612.16
2023-05,8100.07,18869.64
2023-05,8100.08,14387.04
2023-05,8200.01,48363.68
2023-05,8200.02,9393.88
2023-05,8300.01,22763.36
2023-05,8300.02,7980.39
2023-05,9100.01,3419.72
2023-05,9100.02,750.27
2023-05,9100.03,1118.99
2023-05,9100.04,525.68
2023-05,9100.05,2026.86
2023-06,5100.01,447808.72
2023-06,5100.02,304480.85
2023-06,5100.03,227134.56
2023-06,5100.04,260672.28
2023-06,5100.05,176323.83
2023-06,5100.06,134041.4
2023-06,5100.07,84942.75
2023-06,5100.08,37394.94
2023-06,5200.01,32380.43
2023-06,5200.02,10882.29
2023-06,5200.03,16301.03
2023-06,5300.01,138469.51
2023-06,5300.02,51403.35
2023-06,5300.03,28608.33
2023-06,5400.01,41983.38
2023-06,5400.02,30839.37
2023-06,5400.03,35251.05
2023-06,5400.04,9271.75
2023-06,6100.01,157563.09
2023-06,6100.02,30393.8
2023-06,6100.03,61495.44
2023-06,6100.04,130904.06
2023-06,6100.05,14000.39
2023-06,6100.06,104325.2
2023-06,6100.07,19244.41
2023-06,7100.01,188162.87
2023-06,7100.02,32721.38
2023-06,7100.03,167636.52
2023-06,7100.04,104932.51
2023-06,7100.05,83401.92
2023-06,7100.06,23441.17
2023-06,7100.07,43030.58
2023-06,7100.08,78622.33
2023-06,7100.09,81529.88
2023-06,7100.10,50205.5
2023-06,8100.01,113872.14
2023-06,8100.02,51125.11
2023-06,8100.03,40067.8
2023-06,8100.04,27900.61
2023-06,8100.05,56692.51
2023-06,8100.06,20516.14
2023-06,8100.07,18469.05
2023-06,8100.08,13380.97
2023-06,8200.01,42144.63
2023-06,8200.02,9295.43
2023-06,8300.01,24555.42
2023-06,8300.02,8718.69
2023-06,9100.01,3448.6
2023-06,9100.02,846.0
2023-06,9100.03,1299.32
2023-06,9100.04,495.84
2023-06,9100.05,2005.76
2023-07,5100.01,417956.4
2023-07,5100.02,287901.42
2023-07,5100.03,209842.64
2023-07,5100.04,239820.54
2023-07,5100.05,165870.32
2023-07,5100.06,122786.3
2023-07,5100.07,79747.83
2023-07,5100.08,35015.54
2023-07,5200.01,28404.7
2023-07,5200.02,9485.12
2023-07,5200.03,14295.39
2023-07,5300.01,144124.34
2023-07,5300.02,52367.85
2023-07,5300.03,29099.83
2023-07,5400.01,41215.09
2023-07,5400.02,28369.77
2023-07,5400.03,34130.78
2023-07,5400.04,8948.99
2023-07,6100.01,143389.08
2023-07,6100.02,27958.99
2023-07,6100.03,48986.97
2023-07,6100.04,119646.96
2023-07,6100.05,11767.77
2023-07,6100.06,91519.47
2023-07,6100.07,18154.74
2023-07,7100.01,174878.03
2023-07,7100.02,27898.92
2023-07,7100.03,155912.91
2023-07,7100.04,96047.57
2023-07,7100.05,77513.5
2023-07,7100.06,19142.22
2023-07,7100.07,38224.88
2023-07,7100.08,65335.75
2023-07,7100.09,74676.94
2023-07,7100.10,41838.35
2023-07,8100.01,93210.73
2023-07,8100.02,39689.99
2023-07,8100.03,32738.97
2023-07,8100.04,24024.28
2023-07,8100.05,48488.96
2023-07,8100.06,17776.89
2023-07,8100.07,17044.03
2023-07,8100.08,11836.69
2023-07,8200.01,41917.35
2023-07,8200.02,8570.86
2023-07,8300.01,21424.42
2023-07,8300.02,7021.81
2023-07,9100.01,3045.25
2023-07,9100.02,724.36
2023-07,9100.03,1021.72
2023-07,9100.04,456.67
2023-07,9100.05,1894.26
2023-08,5100.01,426853.66
2023-08,5100.02,283869.92
2023-08,5100.03,216526.35
2023-08,5100.04,242491.13
2023-08,5100.05,167791.71
2023-08,5100.06,122940.79
2023-08,5100.07,79906.29
2023-08,5100.08,33688.34
2023-08,5200.01,29732.55
2023-08,5200.02,9645.59
2023-08,5200.03,14960.29
2023-08,5300.01,140196.86
2023-08,5300.02,53160.42
2023-08,5300.03,29938.63
2023-08,5400.01,40970.99
2023-08,5400.02,28575.75
2023-08,5400.03,35248.25
2023-08,5400.04,8625.73
2023-08,6100.01,151288.8
2023-08,6100.02,28359.44
2023-08,6100.03,50203.73
2023-08,6100.04,122864.65
2023-08,6100.05,13152.62
2023-08,6100.06,87539.07
2023-08,6100.07,17110.67
2023-08,7100.01,176368.61
2023-08,7100.02,29029.93
2023-08,7100.03,155875.99
2023-08,7100.04,95129.02
2023-08,7100.05,78174.19
2023-08,7100.06,20443.5
2023-08,7100.07,40156.29
2023-08,7100.08,68406.97
2023-08,7100.09,78387.12
2023-08,7100.10,41148.22
2023-08,8100.01,95311.14
2023-08,8100.02,43098.41
2023-08,8100.03,32648.92
2023-08,8100.04,27179.56
2023-08,8100.05,48296.4
2023-08,8100.06,19469.11
2023-08,8100.07,16917.54
2023-08,8100.08,12646.01
2023-08,8200.01,39834.67
2023-08,8200.02,7784.38
2023-08,8300.01,21693.26
2023-08,8300.02,6738.65
2023-08,9100.01,3103.65
2023-08,9100.02,671.54
2023-08,9100.03,1035.82
2023-08,9100.04,482.38
2023-08,9100.05,1771.14
2023-09,5100.01,479011.41
2023-09,5100.02,332296.1
2023-09,5100.03,241339.78
2023-09,5100.04,290644.04
2023-09,5100.05,186344.08
2023-09,5100.06,146641.74
2023-09,5100.07,94286.79
2023-09,5100.08,40627.45
2023-09,5200.01,29734.97
2023-09,5200.02,9596.02
2023-09,5200.03,14640.24
2023-09,5300.01,140403.34
2023-09,5300.02,54197.31
2023-09,5300.03,29443.56
2023-09,5400.01,47316.58
2023-09,5400.02,33375.14
2023-09,5400.03,39324.97
2023-09,5400.04,9844.43
2023-09,6100.01,205249.66
2023-09,6100.02,38639.74
2023-09,6100.03,68207.51
2023-09,6100.04,165775.29
2023-09,6100.05,16825.28
2023-09,6100.06,120088.99
2023-09,6100.07,23263.94
2023-09,7100.01,202547.62
2023-09,7100.02,38550.12
2023-09,7100.03,198584.5
2023-09,7100.04,119689.65
2023-09,7100.05,89777.86
2023-09,7100.06,24702.58
2023-09,7100.07,51743.34
2023-09,7100.08,82709.88
2023-09,7100.09,97240.5
2023-09,7100.10,56533.84
2023-09,8100.01,130852.06
2023-09,8100.02,54278.0
2023-09,8100.03,43790.31
2023-09,8100.04,35400.35
2023-09,8100.05,64832.52
2023-09,8100.06,24015.51
2023-09,8100.07,21604.59
2023-09,8100.08,16080.28
2023-09,8200.01,51257.76
2023-09,8200.02,11417.17
2023-09,8300.01,26695.57
2023-09,8300.02,8930.43
2023-09,9100.01,4264.74
2023-09,9100.02,911.23
2023-09,9100.03,1475.16
2023-09,9100.04,557.77
2023-09,9100.05,2436.53
2023-10,5100.01,591278.18
2023-10,5100.02,415668.72
2023-10,5100.03,308018.54
2023-10,5100.04,367433.59
2023-10,5100.05,239822.27
2023-10,5100.06,184085.28
2023-10,5100.07,115757.68
2023-10,5100.08,51095.31
2023-10,5200.01,40251.22
2023-10,5200.02,13139.53
2023-10,5200.03,19472.42
2023-10,5300.01,214667.88
2023-10,5300.02,83133.95
2023-10,5300.03,45615.67
2023-10,5400.01,64929.78
2023-10,5400.02,47137.96
2023-10,5400.03,55838.32
2023-10,5400.04,14259.8
2023-10,6100.01,233117.36
2023-10,6100.02,42092.23
2023-10,6100.03,82436.88
2023-10,6100.04,173381.87
2023-10,6100.05,20098.91
2023-10,6100.06,135103.64
2023-10,6100.07,26136.51
2023-10,7100.01,256395.89
2023-10,7100.02,44992.42
2023-10,7100.03,232051.84
2023-10,7100.04,142855.14
2023-10,7100.05,113645.75
2023-10,7100.06,28580.75
2023-10,7100.07,55436.65
2023-10,7100.08,105527.69
2023-10,7100.09,117885.69
2023-10,7100.10,65670.65
2023-10,8100.01,137362.54
2023-10,8100.02,62227.38
2023-10,8100.03,52461.77
2023-10,8100.04,39518.33
2023-10,8100.05,66752.72
2023-10,8100.06,28977.42
2023-10,8100.07,24959.92
2023-10,8100.08,18215.52
2023-10,8200.01,62189.36
2023-10,8200.02,11735.55
2023-10,8300.01,33812.86
2023-10,8300.02,11668.41
2023-10,9100.01,5158.83
2023-10,9100.02,1157.5
2023-10,9100.03,1702.82
2023-10,9100.04,695.41
2023-10,9100.05,2714.36
2023-11,5100.01,650734.43
2023-11,5100.02,465387.71
2023-11,5100.03,340278.58
2023-11,5100.04,401007.12
2023-11,5100.05,267137.29
2023-11,5100.06,200541.86
2023-11,5100.07,131989.2
2023-11,5100.08,56349.3
2023-11,5200.01,46809.36
2023-11,5200.02,15571.88
2023-11,5200.03,22528.15
2023-11,5300.01,229499.13
2023-11,5300.02,87874.48
2023-11,5300.03,47858.06
2023-11,5400.01,77390.57
2023-11,5400.02,52176.99
2023-11,5400.03,64913.96
2023-11,5400.04,15937.99
2023-11,6100.01,232081.3
2023-11,6100.02,50481.31
2023-11,6100.03,92634.49
2023-11,6100.04,200915.87
2023-11,6100.05,20063.69
2023-11,6100.06,140609.99
2023-11,6100.07,29719.89
2023-11,7100.01,282395.03
2023-11,7100.02,50314.19
2023-11,7100.03,259261.92
2023-11,7100.04,156746.24
2023-11,7100.05,125169.69
2023-11,7100.06,31727.19
2023-11,7100.07,65666.14
2023-11,7100.08,105572.77
2023-11,7100.09,137118.34
2023-11,7100.10,72373.96
2023-11,8100.01,156832.77
2023-11,8100.02,70638.91
2023-11,8100.03,59681.65
2023-11,8100.04,44484.51
2023-11,8100.05,78273.89
2023-11,8100.06,31915.41
2023-11,8100.07,27399.2
2023-11,8100.08,20926.66
2023-11,8200.01,69294.19
2023-11,8200.02,13196.91
2023-11,8300.01,35501.71
2023-11,8300.02,11907.57
2023-11,9100.01,5518.27
2023-11,9100.02,1267.24
2023-11,9100.03,1935.79
2023-11,9100.04,782.68
2023-11,9100.05,3173.97
2023-12,5100.01,594849.7
2023-12,5100.02,419310.59
2023-12,5100.03,302254.18
2023-12,5100.04,345282.68
2023-12,5100.05,232803.58
2023-12,5100.06,178408.17
2023-12,5100.07,117455.8
2023-12,5100.08,50128.26
2023-12,5200.01,41808.79
2023-12,5200.02,13510.01
2023-12,5200.03,21262.7
2023-12,5300.01,196805.62
2023-12,5300.02,74193.65
2023-12,5300.03,41146.81
2023-12,5400.01,66080.48
2023-12,5400.02,44787.91
2023-12,5400.03,52577.98
2023-12,5400.04,13402.75
2023-12,6100.01,172722.98
2023-12,6100.02,34294.05
2023-12,6100.03,65879.98
2023-12,6100.04,162107.83
2023-12,6100.05,16497.36
2023-12,6100.06,116117.0
2023-12,6100.07,22732.79
2023-12,7100.01,251878.7
2023-12,7100.02,37610.53
2023-12,7100.03,216967.0
2023-12,7100.04,127740.44
2023-12,7100.05,111643.53
2023-12,7100.06,26031.67
2023-12,7100.07,48131.17
2023-12,7100.08,79347.4
2023-12,7100.09,100838.05
2023-12,7100.10,58250.59
2023-12,8100.01,117353.93
2023-12,8100.02,51404.22
2023-12,8100.03,44676.87
2023-12,8100.04,32485.84
2023-12,8100.05,57594.96
2023-12,8100.06,21921.61
2023-12,8100.07,19284.76
2023-12,8100.08,15526.0
2023-12,8200.01,47913.81
2023-12,8200.02,9844.66
2023-12,8300.01,29982.57
2023-12,8300.02,9672.53
2023-12,9100.01,3955.3
2023-12,9100.02,910.29
2023-12,9100.03,1407.86
2023-12,9100.04,580.28
2023-12,9100.05,2402.3
2024-01,5100.01,719068.88
2024-01,5100.02,499940.69
2024-01,5100.03,376688.04
2024-01,5100.04,443146.25
2024-01,5100.05,296912.54
2024-01,5100.06,220814.22
2024-01,5100.07,148875.86
2024-01,5100.08,60460.69
2024-01,5200.01,50741.95
2024-01,5200.02,16528.96
2024-01,5200.03,25907.53
2024-01,5300.01,274494.57
2024-01,5300.02,101006.07
2024-01,5300.03,56326.64
2024-01,5400.01,80809.35
2024-01,5400.02,56270.86
2024-01,5400.03,68492.5
2024-01,5400.04,17977.25
2024-01,6100.01,282523.31
2024-01,6100.02,57830.56
2024-01,6100.03,103558.27
2024-01,6100.04,229907.67
2024-01,6100.05,23860.48
2024-01,6100.06,173646.65
2024-01,6100.07,34384.75
2024-01,7100.01,311565.75
2024-01,7100.02,54437.14
2024-01,7100.03,307454.9
2024-01,7100.04,184119.44
2024-01,7100.05,138099.41
2024-01,7100.06,39785.36
2024-01,7100.07,70268.12
2024-01,7100.08,120495.95
2024-01,7100.09,145140.53
2024-01,7100.10,74725.34
2024-01,8100.01,165977.49
2024-01,8100.02,75245.35
2024-01,8100.03,65365.93
2024-01,8100.04,50884.59
2024-01,8100.05,90054.15
2024-01,8100.06,32227.31
2024-01,8100.07,29420.74
2024-01,8100.08,25296.1
2024-01,8200.01,75986.39
2024-01,8200.02,13968.25
2024-01,8300.01,42567.56
2024-01,8300.02,12930.43
2024-01,9100.01,5510.65
2024-01,9100.02,1384.76
2024-01,9100.03,2124.79
2024-01,9100.04,784.95
2024-01,9100.05,3600.77
2024-02,5100.01,739184.75
2024-02,5100.02,509451.64
2024-02,5100.03,391736.76
2024-02,5100.04,429718.1
2024-02,5100.05,298297.16
2024-02,5100.06,225919.53
2024-02,5100.07,148824.46
2024-02,5100.08,61449.04
2024-02,5200.01,47962.54
2024-02,5200.02,16541.17
2024-02,5200.03,25013.33
2024-02,5300.01,241598.91
2024-02,5300.02,90577.39
2024-02,5300.03,50209.52
2024-02,5400.01,86631.2
2024-02,5400.02,58785.4
2024-02,5400.03,70375.54
2024-02,5400.04,18655.1
2024-02,6100.01,277811.97
2024-02,6100.02,55455.28
2024-02,6100.03,99735.39
2024-02,6100.04,228828.61
2024-02,6100.05,23800.35
2024-02,6100.06,156513.29
2024-02,6100.07,31996.64
2024-02,7100.01,312431.41
2024-02,7100.02,55085.57
2024-02,7100.03,295181.03
2024-02,7100.04,191096.68
2024-02,7100.05,138483.11
2024-02,7100.06,39514.03
2024-02,7100.07,75115.48
2024-02,7100.08,121416.04
2024-02,7100.09,154675.11
2024-02,7100.10,86458.95
2024-02,8100.01,171091.63
2024-02,8100.02,77458.79
2024-02,8100.03,64962.3
2024-02,8100.04,43913.64
2024-02,8100.05,92023.59
2024-02,8100.06,33659.21
2024-02,8100.07,30597.02
2024-02,8100.08,23652.82
2024-02,8200.01,74704.48
2024-02,8200.02,15652.52
2024-02,8300.01,38422.7
2024-02,8300.02,14540.61
2024-02,9100.01,6098.35
2024-02,9100.02,1342.42
2024-02,9100.03,2087.93
2024-02,9100.04,778.45
2024-02,9100.05,3221.32
2024-03,5100.01,725824.87
2024-03,5100.02,496278.33
2024-03,5100.03,375949.58
2024-03,5100.04,419080.63
2024-03,5100.05,284300.19
2024-03,5100.06,214617.96
2024-03,5100.07,141493.42
2024-03,5100.08,60372.57
2024-03,5200.01,46346.75
2024-03,5200.02,15601.63
2024-03,5200.03,22997.69
2024-03,5300.01,228649.31
2024-03,5300.02,84074.09
2024-03,5300.03,47825.71
2024-03,5400.01,81506.77
2024-03,5400.02,56530.68
2024-03,5400.03,67678.89
2024-03,5400.04,17552.41
2024-03,6100.01,252221.29
2024-03,6100.02,49358.38
2024-03,6100.03,92063.08
2024-03,6100.04,205177.91
2024-03,6100.05,22821.13
2024-03,6100.06,161654.48
2024-03,6100.07,29536.85
2024-03,7100.01,304871.22
2024-03,7100.02,56608.55
2024-03,7100.03,272220.9
2024-03,7100.04,181497.63
2024-03,7100.05,135132.11
2024-03,7100.06,34379.02
2024-03,7100.07,69209.55
2024-03,7100.08,128060.53
2024-03,7100.09,147906.55
2024-03,7100.10,79316.97
2024-03,8100.01,179141.36
2024-03,8100.02,82712.97
2024-03,8100.03,60618.63
2024-03,8100.04,46601.43
2024-03,8100.05,86623.61
2024-03,8100.06,32423.28
2024-03,8100.07,30567.48
2024-03,8100.08,21447.25
2024-03,8200.01,77881.4
2024-03,8200.02,14775.9
2024-03,8300.01,40372.65
2024-03,8300.02,13077.85
2024-03,9100.01,5615.25
2024-03,9100.02,1289.03
2024-03,9100.03,1996.64
2024-03,9100.04,880.91
2024-03,9100.05,3168.14
2024-04,5100.01,717770.66
2024-04,5100.02,501498.75
2024-04,5100.03,390503.5
2024-04,5100.04,447160.35
2024-04,5100.05,284808.37
2024-04,5100.06,224129.34
2024-04,5100.07,146321.33
2024-04,5100.08,60158.03
2024-04,5200.01,50935.24
2024-04,5200.02,16582.8
2024-04,5200.03,25353.08
2024-04,5300.01,259121.83
2024-04,5300.02,98623.7
2024-04,5300.03,55007.29
2024-04,5400.01,83723.11
2024-04,5400.02,58088.37
2024-04,5400.03,71215.17
2024-04,5400.04,17457.83
2024-04,6100.01,255437.02
2024-04,6100.02,56613.85
2024-04,6100.03,95253.09
2024-04,6100.04,223805.5
2024-04,6100.05,23876.89
2024-04,6100.06,178029.37
2024-04,6100.07,29839.87
2024-04,7100.01,311940.52
2024-04,7100.02,51039.27
2024-04,7100.03,282247.33
2024-04,7100.04,171859.93
2024-04,7100.05,138265.53
2024-04,7100.06,35857.27
2024-04,7100.07,68184.15
2024-04,7100.08,124213.54
2024-04,7100.09,138078.32
2024-04,7100.10,80222.37
2024-04,8100.01,187324.75
2024-04,8100.02,79163.94
2024-04,8100.03,64965.36
2024-04,8100.04,50729.21
2024-04,8100.05,86473.94
2024-04,8100.06,32017.64
2024-04,8100.07,28035.07
2024-04,8100.08,24466.61
2024-04,8200.01,77844.44
2024-04,8200.02,16244.9
2024-04,8300.01,41767.45
2024-04,8300.02,12582.98
2024-04,9100.01,5587.06
2024-04,9100.02,1263.25
2024-04,9100.03,1882.18
2024-04,9100.04,894.17
2024-04,9100.05,3398.46
2024-05,5100.01,720175.76
2024-05,5100.02,511492.3
2024-05,5100.03,389300.22
2024-05,5100.04,425441.87
2024-05,5100.05,286755.71
2024-05,5100.06,219142.32
2024-05,5100.07,146802.18
2024-05,5100.08,62960.18
2024-05,5200.01,47253.88
2024-05,5200.02,15720.84
2024-05,5200.03,23634.09
2024-05,5300.01,257163.43
2024-05,5300.02,93592.53
2024-05,5300.03,53977.49
2024-05,5400.01,83796.53
2024-05,5400.02,60766.01
2024-05,5400.03,73820.37
2024-05,5400.04,18050.86
2024-05,6100.01,269548.91
2024-05,6100.02,58228.92
2024-05,6100.03,98722.62
2024-05,6100.04,211841.81
2024-05,6100.05,23466.92
2024-05,6100.06,181818.21
2024-05,6100.07,33147.51
2024-05,7100.01,312859.56
2024-05,7100.02,51319.84
2024-05,7100.03,300569.02
2024-05,7100.04,181292.14
2024-05,7100.05,138672.89
2024-05,7100.06,38013.61
2024-05,7100.07,71754.72
2024-05,7100.08,122218.6
2024-05,7100.09,146955.35
2024-05,7100.10,78702.27
2024-05,8100.01,173226.84
2024-05,8100.02,81689.58
2024-05,8100.03,67396.08
2024-05,8100.04,46911.24
2024-05,8100.05,86050.45
2024-05,8100.06,32522.82
2024-05,8100.07,29483.7
2024-05,8100.08,21782.14
2024-05,8200.01,79941.09
2024-05,8200.02,16067.53
2024-05,8300.01,39573.38
2024-05,8300.02,13462.39
2024-05,9100.01,5453.32
2024-05,9100.02,1444.27
2024-05,9100.03,2174.49
2024-05,9100.04,842.46
2024-05,9100.05,3116.63
2024-06,5100.01,726163.4
2024-06,5100.02,500026.52
2024-06,5100.03,370906.59
2024-06,5100.04,416576.88
2024-06,5100.05,284009.73
2024-06,5100.06,218972.15
2024-06,5100.07,143609.56
2024-06,5100.08,60155.65
2024-06,5200.01,48568.76
2024-06,5200.02,16789.25
2024-06,5200.03,24666.32
2024-06,5300.01,249253.82
2024-06,5300.02,92818.36
2024-06,5300.03,51801.98
2024-06,5400.01,81472.18
2024-06,5400.02,58670.63
2024-06,5400.03,71056.03
2024-06,5400.04,17831.19
2024-06,6100.01,274052.46
2024-06,6100.02,51403.59
2024-06,6100.03,100243.9
2024-06,6100.04,226964.41
2024-06,6100.05,22966.93
2024-06,6100.06,175777.16
2024-06,6100.07,30003.64
2024-06,7100.01,307780.57
2024-06,7100.02,51445.48
2024-06,7100.03,297520.65
2024-06,7100.04,177976.78
2024-06,7100.05,136421.66
2024-06,7100.06,35266.52
2024-06,7100.07,71246.88
2024-06,7100.08,113801.17
2024-06,7100.09,130538.52
2024-06,7100.10,74102.2
2024-06,8100.01,175663.69
2024-06,8100.02,75843.79
2024-06,8100.03,59196.72
2024-06,8100.04,44862.75
2024-06,8100.05,89490.0
2024-06,8100.06,34482.64
2024-06,8100.07,28666.01
2024-06,8100.08,21989.73
2024-06,8200.01,74788.64
2024-06,8200.02,14594.38
2024-06,8300.01,38724.54
2024-06,8300.02,13947.14
2024-06,9100.01,6286.81
2024-06,9100.02,1323.21
2024-06,9100.03,2089.5
2024-06,9100.04,809.25
2024-06,9100.05,3510.25
2024-07,5100.01,728223.87
2024-07,5100.02,479180.6
2024-07,5100.03,372607.48
2024-07,5100.04,406646.13
2024-07,5100.05,277754.83
2024-07,5100.06,210087.94
2024-07,5100.07,141977.65
2024-07,5100.08,59981.69
2024-07,5200.01,49134.62
2024-07,5200.02,15726.35
2024-07,5200.03,24525.34
2024-07,5300.01,240750.44
2024-07,5300.02,93153.72
2024-07,5300.03,50492.13
2024-07,5400.01,78816.95
2024-07,5400.02,52707.8
2024-07,5400.03,64960.33
2024-07,5400.04,16705.74
2024-07,6100.01,246706.95
2024-07,6100.02,52968.36
2024-07,6100.03,88742.28
2024-07,6100.04,205573.29
2024-07,6100.05,20867.32
2024-07,6100.06,149321.64
2024-07,6100.07,29801.1
2024-07,7100.01,299256.16
2024-07,7100.02,45572.98
2024-07,7100.03,287747.58
2024-07,7100.04,161895.94
2024-07,7100.05,132643.27
2024-07,7100.06,32473.46
2024-07,7100.07,65972.74
2024-07,7100.08,105310.4
2024-07,7100.09,138720.2
2024-07,7100.10,78054.49
2024-07,8100.01,154069.85
2024-07,8100.02,69194.38
2024-07,8100.03,59637.2
2024-07,8100.04,41820.05
2024-07,8100.05,75656.51
2024-07,8100.06,29633.39
2024-07,8100.07,25977.64
2024-07,8100.08,22509.4
2024-07,8200.01,63719.05
2024-07,8200.02,12816.97
2024-07,8300.01,38554.09
2024-07,8300.02,12245.12
2024-07,9100.01,5461.32
2024-07,9100.02,1204.08
2024-07,9100.03,1722.94
2024-07,9100.04,726.28
2024-07,9100.05,2872.51
2024-08,5100.01,672118.04
2024-08,5100.02,475358.32
2024-08,5100.03,355304.11
2024-08,5100.04,395814.87
2024-08,5100.05,254992.21
2024-08,5100.06,203217.01
2024-08,5100.07,132536.98
2024-08,5100.08,56372.98
2024-08,5200.01,44143.88
2024-08,5200.02,14838.3
2024-08,5200.03,23274.01
2024-08,5300.01,235524.87
2024-08,5300.02,88155.84
2024-08,5300.03,48868.08
2024-08,5400.01,74818.08
2024-08,5400.02,51435.56
2024-08,5400.03,63636.82
2024-08,5400.04,15750.13
2024-08,6100.01,217908.31
2024-08,6100.02,49239.25
2024-08,6100.03,83697.52
2024-08,6100.04,186159.7
2024-08,6100.05,19585.33
2024-08,6100.06,149206.36
2024-08,6100.07,26118.65
2024-08,7100.01,281679.5
2024-08,7100.02,43965.99
2024-08,7100.03,246961.18
2024-08,7100.04,157526.05
2024-08,7100.05,124852.54
2024-08,7100.06,30678.22
2024-08,7100.07,63972.21
2024-08,7100.08,111051.77
2024-08,7100.09,124021.81
2024-08,7100.10,64640.91
2024-08,8100.01,143495.47
2024-08,8100.02,67160.35
2024-08,8100.03,52884.35
2024-08,8100.04,39639.82
2024-08,8100.05,69207.42
2024-08,8100.06,29568.12
2024-08,8100.07,25532.44
2024-08,8100.08,19231.58
2024-08,8200.01,60078.5
2024-08,8200.02,13761.4
2024-08,8300.01,36248.21
2024-08,8300.02,11088.07
2024-08,9100.01,5241.64
2024-08,9100.02,1186.48
2024-08,9100.03,1746.57
2024-08,9100.04,710.21
2024-08,9100.05,2904.07
2024-09,5100.01,766320.63
2024-09,5100.02,533808.39
2024-09,5100.03,398918.95
2024-09,5100.04,446381.0
2024-09,5100.05,303331.87
2024-09,5100.06,225968.34
2024-09,5100.07,150603.82
2024-09,5100.08,61974.14
2024-09,5200.01,55067.76
2024-09,5200.02,17626.6
2024-09,5200.03,27646.54
2024-09,5300.01,262948.32
2024-09,5300.02,100312.17
2024-09,5300.03,54159.48
2024-09,5400.01,89859.99
2024-09,5400.02,63698.34
2024-09,5400.03,75685.73
2024-09,5400.04,18957.52
2024-09,6100.01,317668.27
2024-09,6100.02,59147.52
2024-09,6100.03,109175.77
2024-09,6100.04,254290.27
2024-09,6100.05,25079.67
2024-09,6100.06,205587.1
2024-09,6100.07,34842.84
2024-09,7100.01,323492.88
2024-09,7100.02,61466.44
2024-09,7100.03,357599.24
2024-09,7100.04,188391.07
2024-09,7100.05,143386.04
2024-09,7100.06,44354.46
2024-09,7100.07,75107.52
2024-09,7100.08,139775.55
2024-09,7100.09,174959.16
2024-09,7100.10,91085.06
2024-09,8100.01,197733.52
2024-09,8100.02,95405.66
2024-09,8100.03,76876.81
2024-09,8100.04,51839.19
2024-09,8100.05,92669.45
2024-09,8100.06,35825.12
2024-09,8100.07,33536.19
2024-09,8100.08,28844.2
2024-09,8200.01,92934.87
2024-09,8200.02,16195.34
2024-09,8300.01,47826.46
2024-09,8300.02,15465.72
2024-09,9100.01,6397.65
2024-09,9100.02,1545.23
2024-09,9100.03,2215.38
2024-09,9100.04,981.02
2024-09,9100.05,3649.3
2024-10,5100.01,782451.08
2024-10,5100.02,532559.39
2024-10,5100.03,389119.99
2024-10,5100.04,457601.93
2024-10,5100.05,299973.09
2024-10,5100.06,232155.5
2024-10,5100.07,152775.58
2024-10,5100.08,65471.35
2024-10,5200.01,51506.41
2024-10,5200.02,17214.61
2024-10,5200.03,26171.27
2024-10,5300.01,269040.55
2024-10,5300.02,99793.92
2024-10,5300.03,57999.52
2024-10,5400.01,90038.77
2024-10,5400.02,62486.21
2024-10,5400.03,74863.82
2024-10,5400.04,19675.58
2024-10,6100.01,273521.82
2024-10,6100.02,55128.2
2024-10,6100.03,106325.76
2024-10,6100.04,226111.99
2024-10,6100.05,25513.88
2024-10,6100.06,178936.61
2024-10,6100.07,33755.91
2024-10,7100.01,325388.49
2024-10,7100.02,53707.24
2024-10,7100.03,320885.52
2024-10,7100.04,197272.08
2024-10,7100.05,144226.25
2024-10,7100.06,37172.37
2024-10,7100.07,79328.48
2024-10,7100.08,125573.92
2024-10,7100.09,147041.18
2024-10,7100.10,87482.17
2024-10,8100.01,198950.73
2024-10,8100.02,85718.69
2024-10,8100.03,67024.87
2024-10,8100.04,53135.92
2024-10,8100.05,88560.76
2024-10,8100.06,34053.35
2024-10,8100.07,30250.64
2024-10,8100.08,26025.47
2024-10,8200.01,73091.49
2024-10,8200.02,16645.1
2024-10,8300.01,43493.93
2024-10,8300.02,13566.46
2024-10,9100.01,6208.85
2024-10,9100.02,1419.77
2024-10,9100.03,2254.46
2024-10,9100.04,830.84
2024-10,9100.05,3257.54
2024-11,5100.01,774115.63
2024-11,5100.02,530431.72
2024-11,5100.03,400479.96
2024-11,5100.04,461952.95
2024-11,5100.05,301548.43
2024-11,5100.06,240136.82
2024-11,5100.07,149477.08
2024-11,5100.08,64437.9
2024-11,5200.01,51219.42
2024-11,5200.02,16920.64
2024-11,5200.03,25364.91
2024-11,5300.01,274393.13
2024-11,5300.02,99135.74
2024-11,5300.03,56985.79
2024-11,5400.01,93670.72
2024-11,5400.02,64924.05
2024-11,5400.03,79503.18
2024-11,5400.04,19704.03
2024-11,6100.01,275947.0
2024-11,6100.02,59115.31
2024-11,6100.03,104592.07
2024-11,6100.04,215983.49
2024-11,6100.05,23169.75
2024-11,6100.06,185878.75
2024-11,6100.07,33026.16
2024-11,7100.01,329589.86
2024-11,7100.02,59902.98
2024-11,7100.03,307609.97
2024-11,7100.04,198073.82
2024-11,7100.05,146088.48
2024-11,7100.06,41513.44
2024-11,7100.07,71554.03
2024-11,7100.08,131408.4
2024-11,7100.09,153911.88
2024-11,7100.10,78830.44
2024-11,8100.01,195367.74
2024-11,8100.02,83907.34
2024-11,8100.03,65584.97
2024-11,8100.04,46221.85
2024-11,8100.05,93233.34
2024-11,8100.06,33633.59
2024-11,8100.07,32080.52
2024-11,8100.08,23827.72
2024-11,8200.01,74404.9
2024-11,8200.02,16628.21
2024-11,8300.01,42024.79
2024-11,8300.02,14128.52
2024-11,9100.01,6330.4
2024-11,9100.02,1426.33
2024-11,9100.03,2042.82
2024-11,9100.04,860.82
2024-11,9100.05,3502.89
2024-12,5100.01,666750.09
2024-12,5100.02,461540.92
2024-12,5100.03,353986.75
2024-12,5100.04,390506.11
2024-12,5100.05,265954.51
2024-12,5100.06,200701.26
2024-12,5100.07,133801.1
2024-12,5100.08,57531.91
2024-12,5200.01,44157.01
2024-12,5200.02,14750.08
2024-12,5200.03,22701.16
2024-12,5300.01,240645.96
2024-12,5300.02,91132.96
2024-12,5300.03,49006.89
2024-12,5400.01,80682.5
2024-12,5400.02,56701.88
2024-12,5400.03,66115.39
2024-12,5400.04,16513.86
2024-12,6100.01,220917.78
2024-12,6100.02,41114.49
2024-12,6100.03,81890.86
2024-12,6100.04,160597.32
2024-12,6100.05,19019.26
2024-12,6100.06,130601.02
2024-12,6100.07,24511.8
2024-12,7100.01,287769.7
2024-12,7100.02,41096.4
2024-12,7100.03,234857.84
2024-12,7100.04,128260.78
2024-12,7100.05,127551.98
2024-12,7100.06,28179.68
2024-12,7100.07,59864.6
2024-12,7100.08,96967.56
2024-12,7100.09,121199.64
2024-12,7100.10,62878.06
2024-12,8100.01,130962.1
2024-12,8100.02,58843.4
2024-12,8100.03,52800.78
2024-12,8100.04,35242.3
2024-12,8100.05,67365.58
2024-12,8100.06,27534.17
2024-12,8100.07,25142.62
2024-12,8100.08,17362.55
2024-12,8200.01,55257.65
2024-12,8200.02,12754.43
2024-12,8300.01,33899.03
2024-12,8300.02,11201.56
2024-12,9100.01,4864.68
2024-12,9100.02,975.45
2024-12,9100.03,1635.82
2024-12,9100.04,619.98
2024-12,9100.05,2623.24
2025-01,5100.01,804040.84
2025-01,5100.02,564700.47
2025-01,5100.03,428903.52
2025-01,5100.04,478615.52
2025-01,5100.05,325303.7
2025-01,5100.06,246266.33
2025-01,5100.07,162259.7
2025-01,5100.08,69666.32
2025-01,5200.01,54750.54
2025-01,5200.02,18908.6
2025-01,5200.03,27218.72
2025-01,5300.01,284576.11
2025-01,5300.02,107229.08
2025-01,5300.03,57086.49
2025-01,5400.01,96206.96
2025-01,5400.02,67600.63
2025-01,5400.03,83666.71
2025-01,5400.04,20909.12
2025-01,6100.01,280551.92
2025-01,6100.02,61927.99
2025-01,6100.03,100915.8
2025-01,6100.04,241129.42
2025-01,6100.05,25471.43
2025-01,6100.06,199487.32
2025-01,6100.07,36800.42
2025-01,7100.01,349370.36
2025-01,7100.02,63953.9
2025-01,7100.03,305055.46
2025-01,7100.04,209947.97
2025-01,7100.05,154856.05
2025-01,7100.06,42539.95
2025-01,7100.07,75904.87
2025-01,7100.08,133375.78
2025-01,7100.09,172762.55
2025-01,7100.10,84840.26
2025-01,8100.01,192436.33
2025-01,8100.02,95966.97
2025-01,8100.03,72124.94
2025-01,8100.04,50224.63
2025-01,8100.05,98211.62
2025-01,8100.06,37515.87
2025-01,8100.07,36311.64
2025-01,8100.08,24414.63
2025-01,8200.01,81547.24
2025-01,8200.02,17076.39
2025-01,8300.01,44116.8
2025-01,8300.02,14850.23
2025-01,9100.01,6246.97
2025-01,9100.02,1473.75
2025-01,9100.03,2212.49
2025-01,9100.04,963.16
2025-01,9100.05,3617.56
2025-02,5100.01,841420.6
2025-02,5100.02,567977.61
2025-02,5100.03,430777.93
2025-02,5100.04,485144.29
2025-02,5100.05,328300.2
2025-02,5100.06,252712.32
2025-02,5100.07,163535.51
2025-02,5100.08,65988.16
2025-02,5200.01,53984.25
2025-02,5200.02,17731.56
2025-02,5200.03,26389.56
2025-02,5300.01,299296.85
2025-02,5300.02,110656.13
2025-02,5300.03,59095.19
2025-02,5400.01,96366.36
2025-02,5400.02,69594.92
2025-02,5400.03,81869.95
2025-02,5400.04,20684.91
2025-02,6100.01,285561.46
2025-02,6100.02,57235.86
2025-02,6100.03,102222.75
2025-02,6100.04,260863.07
2025-02,6100.05,27838.78
2025-02,6100.06,181517.18
2025-02,6100.07,35696.34
2025-02,7100.01,345236.74
2025-02,7100.02,56914.79
2025-02,7100.03,307690.18
2025-02,7100.04,197241.67
2025-02,7100.05,153023.85
2025-02,7100.06,43026.52
2025-02,7100.07,82925.1
2025-02,7100.08,130256.26
2025-02,7100.09,163828.56
2025-02,7100.10,89916.12
2025-02,8100.01,184509.89
2025-02,8100.02,96679.1
2025-02,8100.03,76311.73
2025-02,8100.04,49285.4
2025-02,8100.05,103762.88
2025-02,8100.06,39813.74
2025-02,8100.07,32609.74
2025-02,8100.08,26365.72
2025-02,8200.01,90004.02
2025-02,8200.02,15769.81
2025-02,8300.01,43480.37
2025-02,8300.02,15835.98
2025-02,9100.01,6768.81
2025-02,9100.02,1556.32
2025-02,9100.03,2375.57
2025-02,9100.04,920.24
2025-02,9100.05,3679.29
2025-03,5100.01,835546.46
2025-03,5100.02,597294.73
2025-03,5100.03,443694.02
2025-03,5100.04,506386.7
2025-03,5100.05,324572.02
2025-03,5100.06,257344.63
2025-03,5100.07,160637.29
2025-03,5100.08,68287.57
2025-03,5200.01,56565.74
2025-03,5200.02,18721.95
2025-03,5200.03,27505.29
2025-03,5300.01,276832.37
2025-03,5300.02,101726.85
2025-03,5300.03,56233.13
2025-03,5400.01,103034.37
2025-03,5400.02,70497.9
2025-03,5400.03,86337.65
2025-03,5400.04,21523.16
2025-03,6100.01,306167.03
2025-03,6100.02,62236.16
2025-03,6100.03,114707.85
2025-03,6100.04,243653.46
2025-03,6100.05,28288.44
2025-03,6100.06,191021.44
2025-03,6100.07,34235.95
2025-03,7100.01,353874.01
2025-03,7100.02,58206.52
2025-03,7100.03,309692.22
2025-03,7100.04,209348.52
2025-03,7100.05,156852.26
2025-03,7100.06,38816.82
2025-03,7100.07,77380.67
2025-03,7100.08,135807.79
2025-03,7100.09,168895.81
2025-03,7100.10,98988.53
2025-03,8100.01,209131.21
2025-03,8100.02,85442.26
2025-03,8100.03,77654.85
2025-03,8100.04,57720.89
2025-03,8100.05,105310.06
2025-03,8100.06,38195.09
2025-03,8100.07,33466.34
2025-03,8100.08,26597.75
2025-03,8200.01,82590.07
2025-03,8200.02,16953.45
2025-03,8300.01,42542.57
2025-03,8300.02,15878.85
2025-03,9100.01,6566.77
2025-03,9100.02,1484.46
2025-03,9100.03,2336.35
2025-03,9100.04,993.52
2025-03,9100.05,3883.08
2025-04,5100.01,831865.01
2025-04,5100.02,589727.15
2025-04,5100.03,436800.81
2025-04,5100.04,489567.26
2025-04,5100.05,325027.86
2025-04,5100.06,255669.32
2025-04,5100.07,158512.33
2025-04,5100.08,71007.56
2025-04,5200.01,53841.97
2025-04,5200.02,17847.61
2025-04,5200.03,27320.28
2025-04,5300.01,272782.65
2025-04,5300.02,102039.21
2025-04,5300.03,56788.59
2025-04,5400.01,96662.67
2025-04,5400.02,68457.55
2025-04,5400.03,82736.71
2025-04,5400.04,20769.75
2025-04,6100.01,319097.45
2025-04,6100.02,60265.71
2025-04,6100.03,108547.78
2025-04,6100.04,250812.37
2025-04,6100.05,24639.44
2025-04,6100.06,190016.84
2025-04,6100.07,33944.43
2025-04,7100.01,350579.29
2025-04,7100.02,63841.54
2025-04,7100.03,329066.12
2025-04,7100.04,206065.7
2025-04,7100.05,155391.9
2025-04,7100.06,39110.18
2025-04,7100.07,83140.49
2025-04,7100.08,146000.06
2025-04,7100.09,166131.29
2025-04,7100.10,85653.45
2025-04,8100.01,196225.47
2025-04,8100.02,90246.32
2025-04,8100.03,68311.0
2025-04,8100.04,53827.4
2025-04,8100.05,101893.72
2025-04,8100.06,36092.96
2025-04,8100.07,33863.09
2025-04,8100.08,25469.46
2025-04,8200.01,87891.87
2025-04,8200.02,18166.29
2025-04,8300.01,47638.05
2025-04,8300.02,15689.88
2025-04,9100.01,6233.08
2025-04,9100.02,1422.43
2025-04,9100.03,2255.62
2025-04,9100.04,926.73
2025-04,9100.05,3804.49
2025-05,5100.01,827720.82
2025-05,5100.02,588851.58
2025-05,5100.03,431214.58
2025-05,5100.04,503915.56
2025-05,5100.05,324735.22
2025-05,5100.06,249825.44
2025-05,5100.07,166190.77
2025-05,5100.08,70909.32
2025-05,5200.01,55600.5
2025-05,5200.02,18671.86
2025-05,5200.03,27159.81
2025-05,5300.01,284092.32
2025-05,5300.02,102219.88
2025-05,5300.03,58344.32
2025-05,5400.01,99868.5
2025-05,5400.02,69226.02
2025-05,5400.03,85442.04
2025-05,5400.04,21160.01
2025-05,6100.01,310422.06
2025-05,6100.02,57129.51
2025-05,6100.03,103794.61
2025-05,6100.04,235462.56
2025-05,6100.05,27145.35
2025-05,6100.06,182654.27
2025-05,6100.07,35892.5
2025-05,7100.01,351807.58
2025-05,7100.02,64313.67
2025-05,7100.03,335107.24
2025-05,7100.04,183884.33
2025-05,7100.05,155936.33
2025-05,7100.06,44398.33
2025-05,7100.07,76520.13
2025-05,7100.08,138866.43
2025-05,7100.09,161013.17
2025-05,7100.10,89967.59
2025-05,8100.01,186237.43
2025-05,8100.02,92741.77
2025-05,8100.03,69311.52
2025-05,8100.04,53649.88
2025-05,8100.05,100781.37
2025-05,8100.06,38383.45
2025-05,8100.07,36011.27
2025-05,8100.08,24701.79
2025-05,8200.01,80758.75
2025-05,8200.02,17534.7
2025-05,8300.01,42256.86
2025-05,8300.02,16074.57
2025-05,9100.01,6833.66
2025-05,9100.02,1603.61
2025-05,9100.03,2208.4
2025-05,9100.04,1014.79
2025-05,9100.05,3528.9
2025-06,5100.01,820838.83
2025-06,5100.02,561737.06
2025-06,5100.03,430886.8
2025-06,5100.04,488867.39
2025-06,5100.05,327473.85
2025-06,5100.06,250460.34
2025-06,5100.07,164667.33
2025-06,5100.08,67160.81
2025-06,5200.01,53656.59
2025-06,5200.02,18051.62
2025-06,5200.03,27647.43
2025-06,5300.01,264096.31
2025-06,5300.02,100291.86
2025-06,5300.03,55668.81
2025-06,5400.01,99522.29
2025-06,5400.02,68140.37
2025-06,5400.03,83634.79
2025-06,5400.04,21271.05
2025-06,6100.01,291156.42
2025-06,6100.02,56705.96
2025-06,6100.03,112561.81
2025-06,6100.04,235843.71
2025-06,6100.05,26463.64
2025-06,6100.06,188953.55
2025-06,6100.07,36880.62
2025-06,7100.01,348191.01
2025-06,7100.02,61307.43
2025-06,7100.03,308780.43
2025-06,7100.04,204885.83
2025-06,7100.05,154333.31
2025-06,7100.06,42260.99
2025-06,7100.07,85210.64
2025-06,7100.08,135157.96
2025-06,7100.09,164808.59
2025-06,7100.10,96613.2
2025-06,8100.01,212997.81
2025-06,8100.02,87265.32
2025-06,8100.03,72765.85
2025-06,8100.04,51151.84
2025-06,8100.05,98267.51
2025-06,8100.06,40623.69
2025-06,8100.07,33085.86
2025-06,8100.08,24788.49
2025-06,8200.01,85543.88
2025-06,8200.02,16992.43
2025-06,8300.01,46123.7
2025-06,8300.02,15038.85
2025-06,9100.01,6250.03
2025-06,9100.02,1532.05
2025-06,9100.03,2333.91
2025-06,9100.04,1013.22
2025-06,9100.05,3464.04
2025-07,5100.01,768006.26
2025-07,5100.02,553067.39
2025-07,5100.03,399348.42
2025-07,5100.04,475121.12
2025-07,5100.05,315844.43
2025-07,5100.06,245813.0
2025-07,5100.07,154333.75
2025-07,5100.08,64979.03
2025-07,5200.01,53428.27
2025-07,5200.02,17924.33
2025-07,5200.03,25884.57
2025-07,5300.01,252537.77
2025-07,5300.02,95167.07
2025-07,5300.03,54229.34
2025-07,5400.01,92140.19
2025-07,5400.02,65071.95
2025-07,5400.03,77281.07
2025-07,5400.04,19134.32
2025-07,6100.01,282316.51
2025-07,6100.02,53441.14
2025-07,6100.03,102952.91
2025-07,6100.04,226892.88
2025-07,6100.05,22182.01
2025-07,6100.06,162459.76
2025-07,6100.07,31674.17
2025-07,7100.01,333687.15
2025-07,7100.02,53411.09
2025-07,7100.03,308142.55
2025-07,7100.04,191900.71
2025-07,7100.05,147904.57
2025-07,7100.06,39490.56
2025-07,7100.07,73645.37
2025-07,7100.08,123008.78
2025-07,7100.09,148614.21
2025-07,7100.10,87408.82
2025-07,8100.01,180984.7
2025-07,8100.02,80079.43
2025-07,8100.03,68072.76
2025-07,8100.04,47318.25
2025-07,8100.05,92561.91
2025-07,8100.06,36108.05
2025-07,8100.07,29853.28
2025-07,8100.08,24852.88
2025-07,8200.01,74832.57
2025-07,8200.02,15510.3
2025-07,8300.01,39205.07
2025-07,8300.02,14115.07
2025-07,9100.01,6284.78
2025-07,9100.02,1455.93
2025-07,9100.03,2008.07
2025-07,9100.04,921.14
2025-07,9100.05,3306.68
2025-08,5100.01,740148.29
2025-08,5100.02,544132.84
2025-08,5100.03,396706.4
2025-08,5100.04,457531.49
2025-08,5100.05,300153.59
2025-08,5100.06,228384.84
2025-08,5100.07,150293.87
2025-08,5100.08,64607.84
2025-08,5200.01,47269.09
2025-08,5200.02,15742.1
2025-08,5200.03,23066.25
2025-08,5300.01,252057.85
2025-08,5300.02,96752.18
2025-08,5300.03,53747.36
2025-08,5400.01,91400.61
2025-08,5400.02,64612.6
2025-08,5400.03,79914.8
2025-08,5400.04,19309.4
2025-08,6100.01,255749.23
2025-08,6100.02,49543.37
2025-08,6100.03,100101.93
2025-08,6100.04,224120.79
2025-08,6100.05,24637.32
2025-08,6100.06,163579.15
2025-08,6100.07,28978.33
2025-08,7100.01,321440.6
2025-08,7100.02,52673.99
2025-08,7100.03,288864.68
2025-08,7100.04,164726.63
2025-08,7100.05,142476.38
2025-08,7100.06,38775.54
2025-08,7100.07,71905.23
2025-08,7100.08,119295.44
2025-08,7100.09,146489.85
2025-08,7100.10,74708.84
2025-08,8100.01,183627.57
2025-08,8100.02,83314.49
2025-08,8100.03,67120.32
2025-08,8100.04,47524.75
2025-08,8100.05,80789.31
2025-08,8100.06,34199.01
2025-08,8100.07,29518.38
2025-08,8100.08,23899.03
2025-08,8200.01,74544.4
2025-08,8200.02,13677.08
2025-08,8300.01,42355.74
2025-08,8300.02,13600.34
2025-08,9100.01,5864.4
2025-08,9100.02,1233.27
2025-08,9100.03,1970.27
2025-08,9100.04,765.39
2025-08,9100.05,3312.15
2025-09,5100.01,820076.39
2025-09,5100.02,557685.21
2025-09,5100.03,421912.33
2025-09,5100.04,472810.37
2025-09,5100.05,326301.02
2025-09,5100.06,242595.42
2025-09,5100.07,156459.63
2025-09,5100.08,66534.77
2025-09,5200.01,55101.57
2025-09,5200.02,18537.02
2025-09,5200.03,27263.98
2025-09,5300.01,270350.65
2025-09,5300.02,102153.95
2025-09,5300.03,55577.42
2025-09,5400.01,102847.32
2025-09,5400.02,71301.66
2025-09,5400.03,84039.9
2025-09,5400.04,21402.89
2025-09,6100.01,316710.7
2025-09,6100.02,61495.38
2025-09,6100.03,122107.75
2025-09,6100.04,255834.09
2025-09,6100.05,27375.81
2025-09,6100.06,189879.55
2025-09,6100.07,39436.28
2025-09,7100.01,342863.72
2025-09,7100.02,63553.55
2025-09,7100.03,353546.89
2025-09,7100.04,201388.45
2025-09,7100.05,151972.03
2025-09,7100.06,44640.28
2025-09,7100.07,88027.51
2025-09,7100.08,137527.84
2025-09,7100.09,160914.0
2025-09,7100.10,96703.85
2025-09,8100.01,203063.55
2025-09,8100.02,99360.11
2025-09,8100.03,78618.38
2025-09,8100.04,60152.51
2025-09,8100.05,109391.31
2025-09,8100.06,41531.79
2025-09,8100.07,35594.47
2025-09,8100.08,29990.71
2025-09,8200.01,94864.2
2025-09,8200.02,18849.46
2025-09,8300.01,49189.71
2025-09,8300.02,17545.25
2025-09,9100.01,7427.24
2025-09,9100.02,1621.97
2025-09,9100.03,2302.26
2025-09,9100.04,1070.35
2025-09,9100.05,4351.09
2025-10,5100.01,683036.97
2025-10,5100.02,473897.79
2025-10,5100.03,357706.64
2025-10,5100.04,407937.72
2025-10,5100.05,268013.39
2025-10,5100.06,203267.27
2025-10,5100.07,132060.08
2025-10,5100.08,58044.0
2025-10,5200.01,47300.75
2025-10,5200.02,16074.35
2025-10,5200.03,23376.33
2025-10,5300.01,263760.39
2025-10,5300.02,98708.21
2025-10,5300.03,54960.88
2025-10,5400.01,92482.31
2025-10,5400.02,62910.05
2025-10,5400.03,73618.87
2025-10,5400.04,19096.46
2025-10,6100.01,243872.4
2025-10,6100.02,49652.22
2025-10,6100.03,85786.46
2025-10,6100.04,211672.32
2025-10,6100.05,22223.66
2025-10,6100.06,146823.33
2025-10,6100.07,27780.33
2025-10,7100.01,288843.1
2025-10,7100.02,52500.55
2025-10,7100.03,286203.26
2025-10,7100.04,159370.53
2025-10,7100.05,128027.75
2025-10,7100.06,35170.27
2025-10,7100.07,68643.39
2025-10,7100.08,113003.59
2025-10,7100.09,130605.65
2025-10,7100.10,73905.17
2025-10,8100.01,167108.53
2025-10,8100.02,75518.03
2025-10,8100.03,63828.49
2025-10,8100.04,42904.13
2025-10,8100.05,79119.19
2025-10,8100.06,32794.67
2025-10,8100.07,28512.71
2025-10,8100.08,22852.74
2025-10,8200.01,69532.41
2025-10,8200.02,14697.82
2025-10,8300.01,37738.5
2025-10,8300.02,11963.22
2025-10,9100.01,5606.78
2025-10,9100.02,1164.69
2025-10,9100.03,2002.74
2025-10,9100.04,789.92
2025-10,9100.05,3115.95
2025-11,5100.01,687851.8
2025-11,5100.02,473919.18
2025-11,5100.03,354819.69
2025-11,5100.04,410477.91
2025-11,5100.05,263248.68
2025-11,5100.06,212160.12
2025-11,5100.07,130766.06
2025-11,5100.08,55457.46
2025-11,5200.01,42988.38
2025-11,5200.02,14319.63
2025-11,5200.03,20981.8
2025-11,5300.01,243012.51
2025-11,5300.02,92036.94
2025-11,5300.03,49150.56
2025-11,5400.01,90711.02
2025-11,5400.02,63560.09
2025-11,5400.03,76393.73
2025-11,5400.04,18984.48
2025-11,6100.01,229741.94
2025-11,6100.02,47119.36
2025-11,6100.03,85439.93
2025-11,6100.04,203905.23
2025-11,6100.05,21465.14
2025-11,6100.06,158015.72
2025-11,6100.07,28209.32
2025-11,7100.01,288728.92
2025-11,7100.02,51392.76
2025-11,7100.03,265107.36
2025-11,7100.04,165715.8
2025-11,7100.05,127977.14
2025-11,7100.06,36605.33
2025-11,7100.07,63499.41
2025-11,7100.08,120340.96
2025-11,7100.09,131273.78
2025-11,7100.10,80697.73
2025-11,8100.01,159789.83
2025-11,8100.02,69990.59
2025-11,8100.03,54639.01
2025-11,8100.04,47100.53
2025-11,8100.05,79912.24
2025-11,8100.06,29353.86
2025-11,8100.07,27167.44
2025-11,8100.08,21392.56
2025-11,8200.01,70780.68
2025-11,8200.02,13041.97
2025-11,8300.01,38675.44
2025-11,8300.02,13126.34
2025-11,9100.01,5339.42
2025-11,9100.02,1320.72
2025-11,9100.03,1982.41
2025-11,9100.04,747.29
2025-11,9100.05,3222.39
2025-12,5100.01,581467.32
2025-12,5100.02,401879.57
2025-12,5100.03,300399.27
2025-12,5100.04,342035.18
2025-12,5100.05,230277.11
2025-12,5100.06,178380.29
2025-12,5100.07,114654.58
2025-12,5100.08,47672.18
2025-12,5200.01,39760.51
2025-12,5200.02,13710.93
2025-12,5200.03,20464.69
2025-12,5300.01,208989.74
2025-12,5300.02,82420.04
2025-12,5300.03,44688.11
2025-12,5400.01,75612.3
2025-12,5400.02,52560.03
2025-12,5400.03,62895.61
2025-12,5400.04,16570.95
2025-12,6100.01,181184.76
2025-12,6100.02,35946.63
2025-12,6100.03,70982.07
2025-12,6100.04,137722.82
2025-12,6100.05,16249.05
2025-12,6100.06,111954.12
2025-12,6100.07,21409.87
2025-12,7100.01,246990.11
2025-12,7100.02,37992.97
2025-12,7100.03,201911.64
2025-12,7100.04,117739.59
2025-12,7100.05,109476.7
2025-12,7100.06,23686.96
2025-12,7100.07,47734.21
2025-12,7100.08,82387.45
2025-12,7100.09,95688.68
2025-12,7100.10,53210.27
2025-12,8100.01,113165.65
2025-12,8100.02,55382.73
2025-12,8100.03,43660.89
2025-12,8100.04,33538.09
2025-12,8100.05,56525.08
2025-12,8100.06,22702.67
2025-12,8100.07,20135.34
2025-12,8100.08,16004.83
2025-12,8200.01,49979.93
2025-12,8200.02,10994.88
2025-12,8300.01,27532.64
2025-12,8300.02,9376.16
2025-12,9100.01,3726.03
2025-12,9100.02,905.17
2025-12,9100.03,1403.29
2025-12,9100.04,534.92
2025-12,9100.05,2353.63
2026-01,5100.01,697385.5
2026-01,5100.02,484224.91
2026-01,5100.03,356231.72
2026-01,5100.04,398121.29
2026-01,5100.05,259243.04
2026-01,5100.06,209381.68
2026-01,5100.07,129703.0
2026-01,5100.08,56170.68
2026-01,5200.01,42738.01
2026-01,5200.02,14456.77
2026-01,5200.03,20568.01
2026-01,5300.01,249601.35
2026-01,5300.02,94516.49
2026-01,5300.03,50747.89
2026-01,5400.01,86028.95
2026-01,5400.02,61107.39
2026-01,5400.03,75310.19
2026-01,5400.04,18665.3
2026-01,6100.01,247895.68
2026-01,6100.02,49235.31
2026-01,6100.03,93035.46
2026-01,6100.04,198467.75
2026-01,6100.05,23242.25
2026-01,6100.06,161999.4
2026-01,6100.07,28387.26
2026-01,7100.01,286049.81
2026-01,7100.02,45800.24
2026-01,7100.03,288895.17
2026-01,7100.04,168831.77
2026-01,7100.05,126789.65
2026-01,7100.06,35252.07
2026-01,7100.07,65602.98
2026-01,7100.08,103515.29
2026-01,7100.09,130863.9
2026-01,7100.10,70288.67
2026-01,8100.01,150705.29
2026-01,8100.02,80041.38
2026-01,8100.03,61660.1
2026-01,8100.04,44155.17
2026-01,8100.05,77660.68
2026-01,8100.06,28858.61
2026-01,8100.07,27856.79
2026-01,8100.08,22864.25
2026-01,8200.01,67106.53
2026-01,8200.02,13097.77
2026-01,8300.01,35808.69
2026-01,8300.02,13077.98
2026-01,9100.01,4991.11
2026-01,9100.02,1160.09
2026-01,9100.03,1758.86
2026-01,9100.04,784.46
2026-01,9100.05,2919.82
2026-02,5100.01,691996.51
2026-02,5100.02,490926.65
2026-02,5100.03,353756.75
2026-02,5100.04,413595.13
2026-02,5100.05,272201.51
2026-02,5100.06,213339.88
2026-02,5100.07,139182.93
2026-02,5100.08,57089.81
2026-02,5200.01,47381.16
2026-02,5200.02,15881.77
2026-02,5200.03,24974.77
2026-02,5300.01,256338.21
2026-02,5300.02,98139.96
2026-02,5300.03,55866.23
2026-02,5400.01,91574.2
2026-02,5400.02,61891.94
2026-02,5400.03,75235.27
2026-02,5400.04,19219.58
2026-02,6100.01,241692.68
2026-02,6100.02,52583.8
2026-02,6100.03,89586.37
2026-02,6100.04,210587.55
2026-02,6100.05,23080.35
2026-02,6100.06,148653.96
2026-02,6100.07,28492.73
2026-02,7100.01,293012.79
2026-02,7100.02,49862.18
2026-02,7100.03,268365.32
2026-02,7100.04,172854.31
2026-02,7100.05,129875.94
2026-02,7100.06,36252.09
2026-02,7100.07,66867.96
2026-02,7100.08,111844.26
2026-02,7100.09,139056.37
2026-02,7100.10,75715.85
2026-02,8100.01,156862.45
2026-02,8100.02,80529.0
2026-02,8100.03,55485.74
2026-02,8100.04,47379.31
2026-02,8100.05,81685.93
2026-02,8100.06,32581.72
2026-02,8100.07,30615.68
2026-02,8100.08,22822.76
2026-02,8200.01,66039.27
2026-02,8200.02,15207.37
2026-02,8300.01,38848.28
2026-02,8300.02,13595.66
2026-02,9100.01,5482.98
2026-02,9100.02,1351.83
2026-02,9100.03,2009.6
2026-02,9100.04,771.02
2026-02,9100.05,3049.66
2026-03,5100.01,656007.87
2026-03,5100.02,471064.64
2026-03,5100.03,345250.53
2026-03,5100.04,402201.74
2026-03,5100.05,267753.66
2026-03,5100.06,205784.42
2026-03,5100.07,132607.63
2026-03,5100.08,54784.65
2026-03,5200.01,44734.39
2026-03,5200.02,15258.23
2026-03,5200.03,22194.41
2026-03,5300.01,242646.8
2026-03,5300.02,91674.08
2026-03,5300.03,51150.29
2026-03,5400.01,84790.5
2026-03,5400.02,59480.55
2026-03,5400.03,71450.76
2026-03,5400.04,18417.59
2026-03,6100.01,234366.59
2026-03,6100.02,47374.92
2026-03,6100.03,84583.06
2026-03,6100.04,184179.57
2026-03,6100.05,20069.15
2026-03,6100.06,164124.32
2026-03,6100.07,29869.33
2026-03,7100.01,283723.69
2026-03,7100.02,51710.64
2026-03,7100.03,287732.15
2026-03,7100.04,164590.09
2026-03,7100.05,125758.61
2026-03,7100.06,34863.39
2026-03,7100.07,60496.4
2026-03,7100.08,116719.63
2026-03,7100.09,122640.31
2026-03,7100.10,75456.87
2026-03,8100.01,171335.78
2026-03,8100.02,74392.98
2026-03,8100.03,62634.48
2026-03,8100.04,45662.78
2026-03,8100.05,82245.88
2026-03,8100.06,29462.29
2026-03,8100.07,27459.59
2026-03,8100.08,22969.42
2026-03,8200.01,70546.31
2026-03,8200.02,14736.27
2026-03,8300.01,35490.48
2026-03,8300.02,12125.8
2026-03,9100.01,5714.19
2026-03,9100.02,1279.89
2026-03,9100.03,1788.37
2026-03,9100.04,725.35
2026-03,9100.05,2858.22
